ds,area_name_en,yhat,actual,type,yhat_lower,yhat_upper,growth_factor,growth_factor_lower,growth_factor_upper,quarter_label
2016-03-31,Al Barsha South Fifth,10407.177850841063,8266.222716049384,fitted,,,,,,2016Q1
2016-06-30,Al Barsha South Fifth,8786.735054478473,10402.275064935066,fitted,,,,,,2016Q2
2016-09-30,Al Barsha South Fifth,9770.252844639688,10399.58922077922,fitted,,,,,,2016Q3
2016-12-31,Al Barsha South Fifth,10340.16706214698,11753.016149068324,fitted,,,,,,2016Q4
2017-03-31,Al Barsha South Fifth,11384.321211813973,15196.325615384616,fitted,,,,,,2017Q1
2017-06-30,Al Barsha South Fifth,13685.576112649158,13597.966951672863,fitted,,,,,,2017Q2
2017-09-30,Al Barsha South Fifth,14177.033814222856,11653.712761904762,fitted,,,,,,2017Q3
2017-12-31,Al Barsha South Fifth,13455.94084510764,13224.025000000001,fitted,,,,,,2017Q4
2018-03-31,Al Barsha South Fifth,13410.65717723526,11879.611666666668,fitted,,,,,,2018Q1
2018-06-30,Al Barsha South Fifth,12768.820841994373,10878.994337349397,fitted,,,,,,2018Q2
2018-09-30,Al Barsha South Fifth,11885.312168997385,11910.270333333334,fitted,,,,,,2018Q3
2018-12-31,Al Barsha South Fifth,11487.000697953326,10122.248524590164,fitted,,,,,,2018Q4
2019-03-31,Al Barsha South Fifth,10638.299336143193,10686.70703125,fitted,,,,,,2019Q1
2019-06-30,Al Barsha South Fifth,10161.874998112617,9279.7126,fitted,,,,,,2019Q2
2019-09-30,Al Barsha South Fifth,9444.151064690226,9506.017692307692,fitted,,,,,,2019Q3
2019-12-31,Al Barsha South Fifth,9027.951453723617,9005.082884615385,fitted,,,,,,2019Q4
2020-03-31,Al Barsha South Fifth,8667.205564580045,6712.890161290323,fitted,,,,,,2020Q1
2020-06-30,Al Barsha South Fifth,7851.953252720115,8702.015652173914,fitted,,,,,,2020Q2
2020-09-30,Al Barsha South Fifth,7910.741485762987,9036.579677419353,fitted,,,,,,2020Q3
2020-12-31,Al Barsha South Fifth,8199.685429088919,7131.7825,fitted,,,,,,2020Q4
2021-03-31,Al Barsha South Fifth,8011.259280822011,6517.3796551724145,fitted,,,,,,2021Q1
2021-06-30,Al Barsha South Fifth,7792.031782464673,9368.395849056604,fitted,,,,,,2021Q2
2021-09-30,Al Barsha South Fifth,8522.923889755084,8017.739636363636,fitted,,,,,,2021Q3
2021-12-31,Al Barsha South Fifth,8800.804849016844,8672.504102564102,fitted,,,,,,2021Q4
2022-03-31,Al Barsha South Fifth,9243.003263018341,8897.653333333332,fitted,,,,,,2022Q1
2022-06-30,Al Barsha South Fifth,9669.766702359786,9607.516287878787,fitted,,,,,,2022Q2
2022-09-30,Al Barsha South Fifth,10193.125404786204,8664.637934782608,fitted,,,,,,2022Q3
2022-12-31,Al Barsha South Fifth,10303.578429494848,10621.654085106384,fitted,,,,,,2022Q4
2023-03-31,Al Barsha South Fifth,10884.575000219322,10801.849007352941,fitted,,,,,,2023Q1
2023-06-30,Al Barsha South Fifth,11328.203407878524,10210.066592592593,fitted,,,,,,2023Q2
2023-09-30,Al Barsha South Fifth,11423.73219647456,16596.660959147423,fitted,,,,,,2023Q3
2023-12-31,Al Barsha South Fifth,13193.83987753689,14161.9060989011,fitted,,,,,,2023Q4
2024-03-31,Al Barsha South Fifth,13780.360896800496,13705.38724137931,fitted,,,,,,2024Q1
2024-06-30,Al Barsha South Fifth,13925.453767799738,13409.295717017209,fitted,,,,,,2024Q2
2024-09-30,Al Barsha South Fifth,13764.987963707863,14383.400580985915,fitted,,,,,,2024Q3
2024-12-31,Al Barsha South Fifth,13740.358178864846,15035.623034337772,fitted,,,,,,2024Q4
2025-03-31,Al Barsha South Fifth,13759.143255500143,14825.50060150376,fitted,,,,,,2025Q1
2025-06-30,Al Barsha South Fifth,13587.877379791558,14513.260714893617,fitted,,,,,,2025Q2
2025-09-30,Al Barsha South Fifth,13256.026885342813,,forecast,10191.691687886181,16320.362082799445,0.9133734414168816,0.7022330741586824,1.1245138086750808,2025Q3
2025-12-31,Al Barsha South Fifth,12558.833967627717,,forecast,9376.32328587065,15741.344649384784,0.8653351038295445,0.6460521498279568,1.0846180578311322,2025Q4
2026-03-31,Al Barsha South Fifth,11767.477760189347,,forecast,8460.138954126493,15074.816566252202,0.8108086798243398,0.582924755526829,1.0386926041218507,2026Q1
2026-06-30,Al Barsha South Fifth,10923.522470801157,,forecast,7497.2344126465505,14349.810528955764,0.7526580473808588,0.516578221801861,0.9887378729598567,2026Q2
2026-09-30,Al Barsha South Fifth,10070.349370713999,,forecast,6541.386306103124,13599.312435324873,0.6938722847016543,0.4507178941111631,0.9370266752921456,2026Q3
2026-12-31,Al Barsha South Fifth,9250.944427517274,,forecast,5642.382506734162,12859.506348300385,0.637413232577286,0.38877428150545845,0.8860521836491136,2026Q4
2027-03-31,Al Barsha South Fifth,8505.749514684067,,forecast,4843.219241730133,12168.279787638,0.58606743734407,0.33370993168750734,0.8384249430006324,2027Q1
2027-06-30,Al Barsha South Fifth,7870.683745572277,,forecast,4178.095936893961,11563.271554250594,0.5423098158427846,0.2878812707199815,0.7967383609655877,2027Q2
2027-09-30,Al Barsha South Fifth,7375.430837778723,,forecast,3671.2016791648907,11079.659996392555,0.5081856505347555,0.25295498725503335,0.7634163138144776,2027Q3
2027-12-31,Al Barsha South Fifth,7042.0731706855395,,forecast,3336.3439226683195,10747.802418702759,0.48521647264690226,0.2298824494515239,0.7405504958422805,2027Q4
2028-03-31,Al Barsha South Fifth,6884.134210519905,,forecast,3177.454501187518,10590.813919852291,0.4743340828608801,0.21893457050122378,0.7297335952205364,2028Q1
2028-06-30,Al Barsha South Fifth,6906.069269980908,,forecast,3189.887570473657,10622.25096948816,0.47584546337638983,0.21979124010362264,0.731899686649157,2028Q2
2016-03-31,Al Barsha South Fourth,0.0,9000.44724137931,fitted,,,,,,2016Q1
2016-06-30,Al Barsha South Fourth,9000.447241379312,8998.930497737556,fitted,,,,,,2016Q2
2016-09-30,Al Barsha South Fourth,8998.930497737556,9047.751276595745,fitted,,,,,,2016Q3
2016-12-31,Al Barsha South Fourth,9047.751276595745,9243.080744920993,fitted,,,,,,2016Q4
2017-03-31,Al Barsha South Fourth,9243.080744920993,9442.087523452159,fitted,,,,,,2017Q1
2017-06-30,Al Barsha South Fourth,9442.087523452159,9380.899633447882,fitted,,,,,,2017Q2
2017-09-30,Al Barsha South Fourth,9380.899633447882,9796.106981382978,fitted,,,,,,2017Q3
2017-12-31,Al Barsha South Fourth,9796.106981382978,9684.380529695025,fitted,,,,,,2017Q4
2018-03-31,Al Barsha South Fourth,9684.380529695025,9436.48332103321,fitted,,,,,,2018Q1
2018-06-30,Al Barsha South Fourth,9436.48332103321,9091.254928571429,fitted,,,,,,2018Q2
2018-09-30,Al Barsha South Fourth,9091.254928571429,8958.167403433477,fitted,,,,,,2018Q3
2018-12-31,Al Barsha South Fourth,8958.167403433477,8229.63582375479,fitted,,,,,,2018Q4
2019-03-31,Al Barsha South Fourth,8229.63582375479,7549.6664751958215,fitted,,,,,,2019Q1
2019-06-30,Al Barsha South Fourth,7549.6664751958215,9099.220210084035,fitted,,,,,,2019Q2
2019-09-30,Al Barsha South Fourth,9099.220210084035,8746.246731234867,fitted,,,,,,2019Q3
2019-12-31,Al Barsha South Fourth,8746.246731234867,7955.411926829269,fitted,,,,,,2019Q4
2020-03-31,Al Barsha South Fourth,7955.411926829269,8020.295519230769,fitted,,,,,,2020Q1
2020-06-30,Al Barsha South Fourth,8020.295519230769,9725.306394736843,fitted,,,,,,2020Q2
2020-09-30,Al Barsha South Fourth,9725.306394736843,8126.545238853503,fitted,,,,,,2020Q3
2020-12-31,Al Barsha South Fourth,8126.545238853503,8034.753567708333,fitted,,,,,,2020Q4
2021-03-31,Al Barsha South Fourth,8034.753567708333,8507.311489361702,fitted,,,,,,2021Q1
2021-06-30,Al Barsha South Fourth,8507.311489361702,7845.818130952382,fitted,,,,,,2021Q2
2021-09-30,Al Barsha South Fourth,7845.818130952382,8634.879146230698,fitted,,,,,,2021Q3
2021-12-31,Al Barsha South Fourth,8634.879146230698,8416.169618021548,fitted,,,,,,2021Q4
2022-03-31,Al Barsha South Fourth,8416.169618021548,9085.424292845259,fitted,,,,,,2022Q1
2022-06-30,Al Barsha South Fourth,9085.424292845259,9322.865966804979,fitted,,,,,,2022Q2
2022-09-30,Al Barsha South Fourth,9322.865966804979,9454.754394785847,fitted,,,,,,2022Q3
2022-12-31,Al Barsha South Fourth,9454.754394785847,9733.905239742957,fitted,,,,,,2022Q4
2023-03-31,Al Barsha South Fourth,9733.905239742957,11197.693175611306,fitted,,,,,,2023Q1
2023-06-30,Al Barsha South Fourth,11197.693175611306,11327.132079461711,fitted,,,,,,2023Q2
2023-09-30,Al Barsha South Fourth,11327.132079461711,12170.97430826636,fitted,,,,,,2023Q3
2023-12-31,Al Barsha South Fourth,12170.97430826636,12881.828037082818,fitted,,,,,,2023Q4
2024-03-31,Al Barsha South Fourth,12881.828037082818,12945.042572594191,fitted,,,,,,2024Q1
2024-06-30,Al Barsha South Fourth,12945.042572594191,13129.42190928026,fitted,,,,,,2024Q2
2024-09-30,Al Barsha South Fourth,13129.42190928026,13576.105582926311,fitted,,,,,,2024Q3
2024-12-31,Al Barsha South Fourth,13576.105582926311,13316.948327998492,fitted,,,,,,2024Q4
2025-03-31,Al Barsha South Fourth,13316.948327998492,14119.628984991095,fitted,,,,,,2025Q1
2025-06-30,Al Barsha South Fourth,14119.628984991095,,forecast,12799.557777237691,15439.7001927445,1.0,0.9065080811148355,1.0934919188851644,2025Q2
2025-09-30,Al Barsha South Fourth,14119.628984991095,,forecast,12252.766379688,15986.49159029419,1.0,0.8677824603403153,1.1322175396596847,2025Q3
2025-12-31,Al Barsha South Fourth,14119.628984991095,,forecast,11833.198583553389,16406.059386428802,1.0,0.8380672463937869,1.161932753606213,2025Q4
2026-03-31,Al Barsha South Fourth,14119.628984991095,,forecast,11479.486569484288,16759.771400497903,1.0,0.8130161622296712,1.1869838377703288,2026Q1
2026-06-30,Al Barsha South Fourth,14119.628984991095,,forecast,11167.860029314237,17071.397940667954,1.0,0.790945714025876,1.209054285974124,2026Q2
2026-09-30,Al Barsha South Fourth,14119.628984991095,,forecast,10886.128101855731,17353.12986812646,1.0,0.7709925036576729,1.2290074963423272,2026Q3
2026-12-31,Al Barsha South Fourth,14119.628984991095,,forecast,10627.048856378911,17612.20911360328,1.0,0.752643633035632,1.247356366964368,2026Q4
2027-03-31,Al Barsha South Fourth,14119.628984991095,,forecast,10385.903774384906,17853.354195597283,1.0,0.7355649206806305,1.2644350793193695,2027Q1
2027-06-30,Al Barsha South Fourth,14119.628984991095,,forecast,10159.415361730884,18079.842608251307,1.0,0.7195242433445067,1.2804757566554932,2027Q2
2027-09-30,Al Barsha South Fourth,14119.628984991095,,forecast,9945.197294881014,18294.060675101176,1.0,0.7043525935031704,1.2956474064968297,2027Q3
2027-12-31,Al Barsha South Fourth,14119.628984991095,,forecast,9741.448092321763,18497.809877660427,1.0,0.6899223841275676,1.3100776158724325,2027Q4
2028-03-31,Al Barsha South Fourth,14119.628984991095,,forecast,9546.768182115684,18692.489787866507,1.0,0.6761344927875741,1.323865507212426,2028Q1
2016-03-31,Al Barshaa South Third,0.0,9610.9215,fitted,,,,,,2016Q1
2016-06-30,Al Barshaa South Third,8340.332170011854,8049.0183333333325,fitted,,,,,,2016Q2
2016-09-30,Al Barshaa South Third,8115.622643567657,10558.74090909091,fitted,,,,,,2016Q3
2016-12-31,Al Barshaa South Third,9987.567506937496,11614.327187500001,fitted,,,,,,2016Q4
2017-03-31,Al Barshaa South Third,11233.550326321387,12015.691538461539,fitted,,,,,,2017Q1
2017-06-30,Al Barshaa South Third,11832.603068812596,11531.999360902257,fitted,,,,,,2017Q2
2017-09-30,Al Barshaa South Third,11602.366797262468,11338.132745098039,fitted,,,,,,2017Q3
2017-12-31,Al Barshaa South Third,11399.98652815763,10785.68731092437,fitted,,,,,,2017Q4
2018-03-31,Al Barshaa South Third,10929.486834937077,10242.857361111111,fitted,,,,,,2018Q1
2018-06-30,Al Barshaa South Third,10403.58846542986,11898.298074866312,fitted,,,,,,2018Q2
2018-09-30,Al Barshaa South Third,11548.405832650538,10791.848779069767,fitted,,,,,,2018Q3
2018-12-31,Al Barshaa South Third,10968.949027954775,9804.71047008547,fitted,,,,,,2018Q4
2019-03-31,Al Barshaa South Third,10077.243701233496,10174.15154255319,fitted,,,,,,2019Q1
2019-06-30,Al Barshaa South Third,10151.466666726048,10248.980559440559,fitted,,,,,,2019Q2
2019-09-30,Al Barshaa South Third,10226.153814798168,9991.667247706422,fitted,,,,,,2019Q3
2019-12-31,Al Barshaa South Third,10046.557528876354,8550.160865384616,fitted,,,,,,2019Q4
2020-03-31,Al Barshaa South Third,8900.448025197364,7393.5314893617015,fitted,,,,,,2020Q1
2020-06-30,Al Barshaa South Third,7746.281215614787,11675.400677966101,fitted,,,,,,2020Q2
2020-09-30,Al Barshaa South Third,10755.644485901035,10132.456075949367,fitted,,,,,,2020Q3
2020-12-31,Al Barshaa South Third,10278.336445423603,8819.270891472868,fitted,,,,,,2020Q4
2021-03-31,Al Barshaa South Third,9160.819320003457,8498.373566433565,fitted,,,,,,2021Q1
2021-06-30,Al Barshaa South Third,8653.443573744695,9266.260201729106,fitted,,,,,,2021Q2
2021-09-30,Al Barshaa South Third,9122.807732647956,9953.135254237288,fitted,,,,,,2021Q3
2021-12-31,Al Barshaa South Third,9758.76629021327,10540.703536121673,fitted,,,,,,2021Q4
2022-03-31,Al Barshaa South Third,10357.662111542495,11224.652790697673,fitted,,,,,,2022Q1
2022-06-30,Al Barshaa South Third,11021.701454334265,11287.961210191084,fitted,,,,,,2022Q2
2022-09-30,Al Barshaa South Third,11225.633235311825,11509.287461187214,fitted,,,,,,2022Q3
2022-12-31,Al Barshaa South Third,11442.88766521405,10213.273573619632,fitted,,,,,,2022Q4
2023-03-31,Al Barshaa South Third,10501.110374060827,10598.119305912596,fitted,,,,,,2023Q1
2023-06-30,Al Barshaa South Third,10575.410766095665,12853.061232583066,fitted,,,,,,2023Q2
2023-09-30,Al Barshaa South Third,12319.892633362611,13773.477574585635,fitted,,,,,,2023Q3
2023-12-31,Al Barshaa South Third,13433.21208681084,11993.412547274751,fitted,,,,,,2023Q4
2024-03-31,Al Barshaa South Third,12330.451050305724,12997.904790697674,fitted,,,,,,2024Q1
2024-06-30,Al Barshaa South Third,12841.662478259785,13404.241644506646,fitted,,,,,,2024Q2
2024-09-30,Al Barshaa South Third,13272.54911730293,13508.281007488087,fitted,,,,,,2024Q3
2024-12-31,Al Barshaa South Third,13453.099212242989,13658.760689655172,fitted,,,,,,2024Q4
2025-03-31,Al Barshaa South Third,13610.617990220448,13574.550448087432,fitted,,,,,,2025Q1
2025-06-30,Al Barshaa South Third,13582.993394535682,14093.856986666666,fitted,,,,,,2025Q2
2025-09-30,Al Barshaa South Third,13974.270408384851,,forecast,11657.780452245213,16290.760364524489,0.9915149856852565,0.8271533096492979,1.155876661721215,2025Q3
2025-12-31,Al Barshaa South Third,13974.270408384851,,forecast,11056.39170052989,16892.149116239812,0.9915149856852565,0.7844830347710825,1.1985469365994306,2025Q4
2026-03-31,Al Barshaa South Third,13974.270408384851,,forecast,10559.317027940127,17389.223788829575,0.9915149856852565,0.7492141461297394,1.2338158252407736,2026Q1
2026-06-30,Al Barshaa South Third,13974.270408384851,,forecast,10125.920498687403,17822.6203180823,0.9915149856852565,0.7184634063100623,1.2645665650604507,2026Q2
2026-09-30,Al Barshaa South Third,13974.270408384851,,forecast,9736.619235349739,18211.921581419963,0.9915149856852565,0.6908413534038949,1.292188617966618,2026Q3
2026-12-31,Al Barshaa South Third,13974.270408384851,,forecast,9380.189662339635,18568.351154430067,0.9915149856852565,0.6655516421951534,1.3174783291753596,2026Q4
2027-03-31,Al Barshaa South Third,13974.270408384851,,forecast,9049.489363704704,18899.051453064996,0.9915149856852565,0.6420874975718763,1.3409424737986366,2027Q1
2027-06-30,Al Barshaa South Third,13974.270408384851,,forecast,8739.63968837237,19208.90112839733,0.9915149856852565,0.6201027651011648,1.362927206269348,2027Q2
2027-09-30,Al Barshaa South Third,13974.270408384851,,forecast,8447.132884154438,19501.407932615264,0.9915149856852565,0.5993485595991043,1.3836814117714087,2027Q3
2027-12-31,Al Barshaa South Third,13974.270408384851,,forecast,8169.346666541776,19779.194150227926,0.9915149856852565,0.5796388223798705,1.4033911489906425,2027Q4
2028-03-31,Al Barshaa South Third,13974.270408384851,,forecast,7904.259692951893,20044.28112381781,0.9915149856852565,0.5608301333289836,1.4221998380415295,2028Q1
2028-06-30,Al Barshaa South Third,13974.270408384851,,forecast,7650.2747946665395,20298.266022103162,0.9915149856852565,0.5428091686969717,1.4402208026735412,2028Q2
2016-03-31,Al Hebiah Fourth,9761.588771891793,10746.339647435898,fitted,,,,,,2016Q1
2016-06-30,Al Hebiah Fourth,10681.798829749081,9767.592397003746,fitted,,,,,,2016Q2
2016-09-30,Al Hebiah Fourth,9767.198917918391,10294.666069518717,fitted,,,,,,2016Q3
2016-12-31,Al Hebiah Fourth,10259.728050641495,10228.438794466403,fitted,,,,,,2016Q4
2017-03-31,Al Hebiah Fourth,10197.841327693473,10030.275616438355,fitted,,,,,,2017Q1
2017-06-30,Al Hebiah Fourth,10012.665813716278,9840.309974025973,fitted,,,,,,2017Q2
2017-09-30,Al Hebiah Fourth,9835.15056682847,9842.898315217391,fitted,,,,,,2017Q3
2017-12-31,Al Hebiah Fourth,9837.569267493442,10236.395435897437,fitted,,,,,,2017Q4
2018-03-31,Al Hebiah Fourth,10205.2764888631,10721.57697368421,fitted,,,,,,2018Q1
2018-06-30,Al Hebiah Fourth,10658.659107803518,9391.97146179402,fitted,,,,,,2018Q2
2018-09-30,Al Hebiah Fourth,9416.196272370331,8895.474720812183,fitted,,,,,,2018Q3
2018-12-31,Al Hebiah Fourth,8952.240051470895,8399.344137931033,fitted,,,,,,2018Q4
2019-03-31,Al Hebiah Fourth,8488.62599057902,7802.8725490196075,fitted,,,,,,2019Q1
2019-06-30,Al Hebiah Fourth,7931.247298187261,7907.691016042781,fitted,,,,,,2019Q2
2019-09-30,Al Hebiah Fourth,8029.19593677122,7483.838859649123,fitted,,,,,,2019Q3
2019-12-31,Al Hebiah Fourth,7633.123156290127,7875.85672,fitted,,,,,,2019Q4
2020-03-31,Al Hebiah Fourth,7999.448068421078,7909.00609561753,fitted,,,,,,2020Q1
2020-06-30,Al Hebiah Fourth,8030.42482570305,7287.001818181818,fitted,,,,,,2020Q2
2020-09-30,Al Hebiah Fourth,7449.186863553137,6061.914599156118,fitted,,,,,,2020Q3
2020-12-31,Al Hebiah Fourth,6304.39216603436,6272.299701492538,fitted,,,,,,2020Q4
2021-03-31,Al Hebiah Fourth,6500.988576356249,6281.982350427351,fitted,,,,,,2021Q1
2021-06-30,Al Hebiah Fourth,6510.036622067905,6381.961928104575,fitted,,,,,,2021Q2
2021-09-30,Al Hebiah Fourth,6603.463513319027,7077.443668831169,fitted,,,,,,2021Q3
2021-12-31,Al Hebiah Fourth,7253.363207512336,6835.255344262295,fitted,,,,,,2021Q4
2022-03-31,Al Hebiah Fourth,7027.047966065361,8076.030734693878,fitted,,,,,,2022Q1
2022-06-30,Al Hebiah Fourth,8186.502628328122,7018.628916083917,fitted,,,,,,2022Q2
2022-09-30,Al Hebiah Fourth,7198.403188311026,6772.633979238754,fitted,,,,,,2022Q3
2022-12-31,Al Hebiah Fourth,6968.530820904586,6742.648174807198,fitted,,,,,,2022Q4
2023-03-31,Al Hebiah Fourth,6940.510293565006,6826.094285714286,fitted,,,,,,2023Q1
2023-06-30,Al Hebiah Fourth,7018.48732557663,7026.488161434978,fitted,,,,,,2023Q2
2023-09-30,Al Hebiah Fourth,7205.747336764022,8411.728618421053,fitted,,,,,,2023Q3
2023-12-31,Al Hebiah Fourth,8500.198789132723,9283.129826224329,fitted,,,,,,2023Q4
2024-03-31,Al Hebiah Fourth,9314.488144708572,11506.590692212607,fitted,,,,,,2024Q1
2024-06-30,Al Hebiah Fourth,11392.222831670882,12230.565283882783,fitted,,,,,,2024Q2
2024-09-30,Al Hebiah Fourth,12068.747948259299,11687.022331233124,fitted,,,,,,2024Q3
2024-12-31,Al Hebiah Fourth,11560.828936124068,10399.61341493268,fitted,,,,,,2024Q4
2025-03-31,Al Hebiah Fourth,10357.797120894409,11267.913373205742,fitted,,,,,,2025Q1
2025-06-30,Al Hebiah Fourth,11169.188483606784,11679.797930258717,fitted,,,,,,2025Q2
2025-09-30,Al Hebiah Fourth,11554.078024189139,,forecast,10100.773524037924,13007.382524340353,0.9892361231914915,0.8648072153602904,1.1136650310226925,2025Q3
2025-12-31,Al Hebiah Fourth,11436.597832080472,,forecast,9447.526148774805,13425.669515386138,0.9791777135503184,0.8088775341137716,1.1494778929868652,2025Q4
2026-03-31,Al Hebiah Fourth,11326.817321027185,,forecast,8967.392119970744,13686.242522083627,0.9697785345826001,0.7677694574440389,1.1717876117211614,2026Q1
2026-06-30,Al Hebiah Fourth,11224.231852014904,,forecast,8583.553228852013,13864.910475177794,0.9609953801457829,0.7349059701293891,1.1870847901621766,2026Q2
2026-09-30,Al Hebiah Fourth,11128.369860195959,,forecast,8264.599153406978,13992.14056698494,0.9527878758386581,0.7075977857455887,1.1979779659317276,2026Q3
2026-12-31,Al Hebiah Fourth,11038.790687200264,,forecast,7993.5501546375035,14084.031219763025,0.94511829340833,0.6843911343644659,1.2058454524521942,2026Q4
2027-03-31,Al Hebiah Fourth,10955.082555517081,,forecast,7759.797795787708,14150.367315246454,0.9379513773209959,0.6643777437008983,1.2115250109410935,2027Q1
2027-06-30,Al Hebiah Fourth,10876.860675636297,,forecast,7556.095135567,14197.626215705593,0.9312541826993205,0.6469371457182074,1.2155712196804336,2027Q2
2027-09-30,Al Hebiah Fourth,10803.765477248146,,forecast,7377.184309456111,14230.34664504018,0.9249959238814359,0.6316191729947763,1.2183726747680954,2027Q3
2027-12-31,Al Hebiah Fourth,10735.46095637053,,forecast,7219.083280464241,14251.83863227682,0.9191478329054218,0.6180828918077295,1.2202127740031141,2027Q4
2028-03-31,Al Hebiah Fourth,10671.633130806045,,forecast,7078.678790843964,14264.587470768127,0.9136830272687483,0.60606175150559,1.2213043030319064,2028Q1
2028-06-30,Al Hebiah Fourth,10611.98859682871,,forecast,6953.477021535526,14270.500172121896,0.9085763863547976,0.5953422364886325,1.2218105362209628,2028Q2
2016-03-31,Al Khairan First,295.10146456390663,16084.750085470085,fitted,,,,,,2016Q1
2016-06-30,Al Khairan First,15752.712006016403,16033.694351851851,fitted,,,,,,2016Q2
2016-09-30,Al Khairan First,15543.778377566106,16160.851312499999,fitted,,,,,,2016Q3
2016-12-31,Al Khairan First,13599.406022522684,13378.7975,fitted,,,,,,2016Q4
2017-03-31,Al Khairan First,15764.31026281312,16578.772797619047,fitted,,,,,,2017Q1
2017-06-30,Al Khairan First,17007.88913283161,16173.3548,fitted,,,,,,2017Q2
2017-09-30,Al Khairan First,17090.76391734993,16306.586211699165,fitted,,,,,,2017Q3
2017-12-31,Al Khairan First,15244.764254868027,16474.91739130435,fitted,,,,,,2017Q4
2018-03-31,Al Khairan First,17550.332736579683,16108.121727272726,fitted,,,,,,2018Q1
2018-06-30,Al Khairan First,16349.332439674943,15576.396172839508,fitted,,,,,,2018Q2
2018-09-30,Al Khairan First,15963.670610522666,16852.32776595745,fitted,,,,,,2018Q3
2018-12-31,Al Khairan First,17344.98095362574,17587.527890295358,fitted,,,,,,2018Q4
2019-03-31,Al Khairan First,17889.807858046526,17322.18367875648,fitted,,,,,,2019Q1
2019-06-30,Al Khairan First,17161.515813911632,15945.790585585584,fitted,,,,,,2019Q2
2019-09-30,Al Khairan First,16415.93112575138,15211.885717488789,fitted,,,,,,2019Q3
2019-12-31,Al Khairan First,15932.764497983942,15421.066642011836,fitted,,,,,,2019Q4
2020-03-31,Al Khairan First,16174.442939156486,16718.554259259257,fitted,,,,,,2020Q1
2020-06-30,Al Khairan First,16952.752355943918,15559.377204968943,fitted,,,,,,2020Q2
2020-09-30,Al Khairan First,15648.892702767189,15240.172207792208,fitted,,,,,,2020Q3
2020-12-31,Al Khairan First,15380.226662034567,15401.8822,fitted,,,,,,2020Q4
2021-03-31,Al Khairan First,16362.4002941256,13461.128285714285,fitted,,,,,,2021Q1
2021-06-30,Al Khairan First,13744.844642380658,13390.863664596272,fitted,,,,,,2021Q2
2021-09-30,Al Khairan First,13809.23797118257,15264.565816993463,fitted,,,,,,2021Q3
2021-12-31,Al Khairan First,16142.289712817963,17910.47617554859,fitted,,,,,,2021Q4
2022-03-31,Al Khairan First,17654.073872381312,18463.706338729764,fitted,,,,,,2022Q1
2022-06-30,Al Khairan First,18028.672690134077,18511.67405544148,fitted,,,,,,2022Q2
2022-09-30,Al Khairan First,18430.37826218348,18596.77517408124,fitted,,,,,,2022Q3
2022-12-31,Al Khairan First,19302.398730645386,18635.665623100303,fitted,,,,,,2022Q4
2023-03-31,Al Khairan First,19078.599304838837,20929.485142076504,fitted,,,,,,2023Q1
2023-06-30,Al Khairan First,21183.377943879495,20969.55748382459,fitted,,,,,,2023Q2
2023-09-30,Al Khairan First,21136.213558156764,22039.08891679749,fitted,,,,,,2023Q3
2023-12-31,Al Khairan First,21708.243814167112,20511.315479674795,fitted,,,,,,2023Q4
2024-03-31,Al Khairan First,21268.33992145043,22022.39381778742,fitted,,,,,,2024Q1
2024-06-30,Al Khairan First,22157.350795988983,23029.05872141372,fitted,,,,,,2024Q2
2024-09-30,Al Khairan First,23862.735216887566,26108.55105774728,fitted,,,,,,2024Q3
2024-12-31,Al Khairan First,25539.50437980036,24183.292505773672,fitted,,,,,,2024Q4
2025-03-31,Al Khairan First,24357.259748147702,22711.426282578876,fitted,,,,,,2025Q1
2025-06-30,Al Khairan First,22607.050084031205,24005.309360385145,fitted,,,,,,2025Q2
2025-09-30,Al Khairan First,25584.629603869675,,forecast,23309.93737164445,27859.3218360949,1.0657904557602083,0.9710325754064959,1.1605483361139204,2025Q3
2025-12-31,Al Khairan First,25819.674548605606,,forecast,22662.54053583179,28976.80856137942,1.0755818290438124,0.9440636733984664,1.2070999846891586,2025Q4
2026-03-31,Al Khairan First,25381.20472537164,,forecast,21644.56873569834,29117.840715044942,1.057316293838607,0.9016575629480273,1.2129750247291864,2026Q1
2026-06-30,Al Khairan First,25536.679908274047,,forecast,21558.335755078133,29515.02406146996,1.0637929936623125,0.8980653167775817,1.2295206705470434,2026Q2
2026-09-30,Al Khairan First,26165.223780379307,,forecast,21769.218479807605,30561.22908095101,1.0899765292572554,0.9068501535636255,1.2731029049508853,2026Q3
2026-12-31,Al Khairan First,26656.930843565915,,forecast,21850.688087936403,31463.173599195427,1.1104597921806674,0.910243969777602,1.3106756145837326,2026Q4
2027-03-31,Al Khairan First,26813.989759889948,,forecast,21592.49534184299,32035.484177936905,1.1170024663018856,0.8994883180916673,1.3345166145121041,2027Q1
2027-06-30,Al Khairan First,26975.55960611852,,forecast,21463.98495897599,32487.13425326105,1.1237330542648638,0.894134903105936,1.3533312054237914,2027Q2
2027-09-30,Al Khairan First,27296.00858957292,,forecast,21484.29820226681,33107.71897687903,1.1370821421122057,0.8949811010443114,1.3791831831800996,2027Q3
2027-12-31,Al Khairan First,27678.896124199033,,forecast,21579.73152728124,33778.060721116824,1.1530322608496035,0.898956610111148,1.407107911588059,2027Q4
2028-03-31,Al Khairan First,27979.837629560912,,forecast,21579.306178585266,34380.369080536555,1.1655687168828888,0.8989388911686595,1.4321985425971178,2028Q1
2028-06-30,Al Khairan First,28234.174465654025,,forecast,21568.5950032798,34899.75392802825,1.1761637411866719,0.8984926909075147,1.453834791465829,2028Q2
2016-03-31,Al Merkadh,0.0,16971.485,fitted,,,,,,2016Q1
2016-06-30,Al Merkadh,16971.485,17237.94,fitted,,,,,,2016Q2
2016-09-30,Al Merkadh,17237.94,15957.881875,fitted,,,,,,2016Q3
2016-12-31,Al Merkadh,15957.881875,15162.119999999999,fitted,,,,,,2016Q4
2017-03-31,Al Merkadh,15162.119999999999,15004.703333333335,fitted,,,,,,2017Q1
2017-06-30,Al Merkadh,15004.703333333335,14957.82705882353,fitted,,,,,,2017Q2
2017-09-30,Al Merkadh,14957.82705882353,15365.347578947369,fitted,,,,,,2017Q3
2017-12-31,Al Merkadh,15365.347578947369,15454.267291666669,fitted,,,,,,2017Q4
2018-03-31,Al Merkadh,15454.267291666669,15615.673620386642,fitted,,,,,,2018Q1
2018-06-30,Al Merkadh,15615.673620386642,15666.33901734104,fitted,,,,,,2018Q2
2018-09-30,Al Merkadh,15666.33901734104,15923.98911392405,fitted,,,,,,2018Q3
2018-12-31,Al Merkadh,15923.98911392405,15224.060851063829,fitted,,,,,,2018Q4
2019-03-31,Al Merkadh,15224.060851063829,15742.392412451361,fitted,,,,,,2019Q1
2019-06-30,Al Merkadh,15742.392412451361,15745.258,fitted,,,,,,2019Q2
2019-09-30,Al Merkadh,15745.258,15474.085342019545,fitted,,,,,,2019Q3
2019-12-31,Al Merkadh,15474.085342019545,16061.255958083833,fitted,,,,,,2019Q4
2020-03-31,Al Merkadh,16061.255958083833,14957.4183014862,fitted,,,,,,2020Q1
2020-06-30,Al Merkadh,14957.4183014862,17515.002721518988,fitted,,,,,,2020Q2
2020-09-30,Al Merkadh,17515.002721518988,16041.494505494506,fitted,,,,,,2020Q3
2020-12-31,Al Merkadh,16041.494505494506,16050.881631205673,fitted,,,,,,2020Q4
2021-03-31,Al Merkadh,16050.881631205673,16667.31613861386,fitted,,,,,,2021Q1
2021-06-30,Al Merkadh,16667.31613861386,16540.51876344086,fitted,,,,,,2021Q2
2021-09-30,Al Merkadh,16540.51876344086,17451.707823834196,fitted,,,,,,2021Q3
2021-12-31,Al Merkadh,17451.707823834196,17294.918032407408,fitted,,,,,,2021Q4
2022-03-31,Al Merkadh,17294.918032407408,16561.90343495935,fitted,,,,,,2022Q1
2022-06-30,Al Merkadh,16561.90343495935,17207.21631294964,fitted,,,,,,2022Q2
2022-09-30,Al Merkadh,17207.21631294964,16704.433698366956,fitted,,,,,,2022Q3
2022-12-31,Al Merkadh,16704.433698366956,18948.211664175386,fitted,,,,,,2022Q4
2023-03-31,Al Merkadh,18948.211664175386,18418.260587248322,fitted,,,,,,2023Q1
2023-06-30,Al Merkadh,18418.260587248322,17695.814878603946,fitted,,,,,,2023Q2
2023-09-30,Al Merkadh,17695.814878603946,19044.47265756985,fitted,,,,,,2023Q3
2023-12-31,Al Merkadh,19044.47265756985,18615.067218259628,fitted,,,,,,2023Q4
2024-03-31,Al Merkadh,18615.067218259628,18225.48553268142,fitted,,,,,,2024Q1
2024-06-30,Al Merkadh,18225.48553268142,19037.70056657224,fitted,,,,,,2024Q2
2024-09-30,Al Merkadh,19037.70056657224,20746.58554076539,fitted,,,,,,2024Q3
2024-12-31,Al Merkadh,20746.58554076539,20729.381554748943,fitted,,,,,,2024Q4
2025-03-31,Al Merkadh,20729.381554748943,19703.187572633553,fitted,,,,,,2025Q1
2025-06-30,Al Merkadh,19703.187572633553,20734.856679810724,fitted,,,,,,2025Q2
2025-09-30,Al Merkadh,20734.856679810724,,forecast,18973.565447995385,22496.147911626063,1.0,0.9150565032103507,1.0849434967896492,2025Q3
2025-12-31,Al Merkadh,20734.856679810724,,forecast,18244.014732488653,23225.698627132795,1.0,0.8798717548046824,1.1201282451953176,2025Q4
2026-03-31,Al Merkadh,20734.856679810724,,forecast,17684.21077938098,23785.502580240467,1.0,0.8528735477877636,1.1471264522122364,2026Q1
2026-06-30,Al Merkadh,20734.856679810724,,forecast,17212.27421618004,24257.439143441406,1.0,0.8301130064207013,1.1698869935792986,2026Q2
2026-09-30,Al Merkadh,20734.856679810724,,forecast,16796.489757297284,24673.223602324164,1.0,0.8100605669318091,1.189939433068191,2026Q3
2026-12-31,Al Merkadh,20734.856679810724,,forecast,16420.5918734251,25049.12148619635,1.0,0.7919317758976182,1.2080682241023817,2026Q4
2027-03-31,Al Merkadh,20734.856679810724,,forecast,16074.918094068718,25394.79526555273,1.0,0.7752606320023745,1.2247393679976255,2027Q1
2027-06-30,Al Merkadh,20734.856679810724,,forecast,15753.172785166586,25716.540574454863,1.0,0.759743509609365,1.240256490390635,2027Q2
2027-09-30,Al Merkadh,20734.856679810724,,forecast,15450.982984364702,26018.730375256746,1.0,0.7451695096310521,1.254830490368948,2027Q3
2027-12-31,Al Merkadh,20734.856679810724,,forecast,15165.164764390625,26304.548595230823,1.0,0.7313850777255075,1.2686149222744925,2027Q4
2028-03-31,Al Merkadh,20734.856679810724,,forecast,14893.314517336366,26576.39884228508,1.0,0.7182742927679748,1.2817257072320252,2028Q1
2028-06-30,Al Merkadh,20734.856679810724,,forecast,14633.564878951238,26836.14848067021,1.0,0.7057470955755272,1.2942529044244728,2028Q2
2016-03-31,Al Thanyah Fifth,12034.385133283527,10856.75162583519,fitted,,,,,,2016Q1
2016-06-30,Al Thanyah Fifth,10920.152673266046,11647.361932938857,fitted,,,,,,2016Q2
2016-09-30,Al Thanyah Fifth,11668.198361357969,11837.541728045326,fitted,,,,,,2016Q3
2016-12-31,Al Thanyah Fifth,11848.13931888579,11320.217850877192,fitted,,,,,,2016Q4
2017-03-31,Al Thanyah Fifth,11358.666955338833,11829.237865168538,fitted,,,,,,2017Q1
2017-06-30,Al Thanyah Fifth,11840.282516661387,12254.756147058823,fitted,,,,,,2017Q2
2017-09-30,Al Thanyah Fifth,12242.8918845286,11324.066859504132,fitted,,,,,,2017Q3
2017-12-31,Al Thanyah Fifth,11362.308742298781,11115.261229508196,fitted,,,,,,2017Q4
2018-03-31,Al Thanyah Fifth,11164.74472148556,10654.007406143344,fitted,,,,,,2018Q1
2018-06-30,Al Thanyah Fifth,10728.323730532367,10316.104659090908,fitted,,,,,,2018Q2
2018-09-30,Al Thanyah Fifth,10408.612881007803,10662.110682926828,fitted,,,,,,2018Q3
2018-12-31,Al Thanyah Fifth,10735.990745751922,9842.433538961039,fitted,,,,,,2018Q4
2019-03-31,Al Thanyah Fifth,9960.443111649662,9676.409681528663,fitted,,,,,,2019Q1
2019-06-30,Al Thanyah Fifth,9803.357592327699,9732.661577287066,fitted,,,,,,2019Q2
2019-09-30,Al Thanyah Fifth,9856.581016928907,9001.676297577855,fitted,,,,,,2019Q3
2019-12-31,Al Thanyah Fifth,9164.950283516973,8579.3164,fitted,,,,,,2019Q4
2020-03-31,Al Thanyah Fifth,8765.32925990106,8574.068085106383,fitted,,,,,,2020Q1
2020-06-30,Al Thanyah Fifth,8760.363502067341,9174.017199999998,fitted,,,,,,2020Q2
2020-09-30,Al Thanyah Fifth,9328.012752827599,8193.329193548389,fitted,,,,,,2020Q3
2020-12-31,Al Thanyah Fifth,8400.122706368342,8369.433538461539,fitted,,,,,,2020Q4
2021-03-31,Al Thanyah Fifth,8566.74600318461,9057.419873873874,fitted,,,,,,2021Q1
2021-06-30,Al Thanyah Fifth,9217.692755392682,10243.871673511294,fitted,,,,,,2021Q2
2021-09-30,Al Thanyah Fifth,10340.268751269874,10255.137784503633,fitted,,,,,,2021Q3
2021-12-31,Al Thanyah Fifth,10350.928321065085,10469.953595317726,fitted,,,,,,2021Q4
2022-03-31,Al Thanyah Fifth,10554.178948548217,10749.761389432486,fitted,,,,,,2022Q1
2022-06-30,Al Thanyah Fifth,10818.922542201637,10893.850260416666,fitted,,,,,,2022Q2
2022-09-30,Al Thanyah Fifth,10955.254003698275,10531.549197080292,fitted,,,,,,2022Q3
2022-12-31,Al Thanyah Fifth,10612.458386458295,11853.744355495252,fitted,,,,,,2022Q4
2023-03-31,Al Thanyah Fifth,11863.469634580862,12072.691927860697,fitted,,,,,,2023Q1
2023-06-30,Al Thanyah Fifth,12070.629579188932,12072.691927860697,fitted,,,,,,2023Q2
2023-09-30,Al Thanyah Fifth,12070.629579188932,12072.691927860697,fitted,,,,,,2023Q3
2023-12-31,Al Thanyah Fifth,12070.629579188932,14900.241000909917,fitted,,,,,,2023Q4
2024-03-31,Al Thanyah Fifth,14745.949990468918,14900.241000909917,fitted,,,,,,2024Q1
2024-06-30,Al Thanyah Fifth,14745.949990468918,15417.313783515392,fitted,,,,,,2024Q2
2024-09-30,Al Thanyah Fifth,15235.184777800117,,forecast,13816.161956261214,16654.20759933902,0.9881867225203647,0.8961458623897133,1.080227582651016,2024Q3
2024-12-31,Al Thanyah Fifth,15062.861173898613,,forecast,13109.333551895787,17016.38879590144,0.9770094444081582,0.8502994578674684,1.103719430948848,2024Q4
2025-03-31,Al Thanyah Fifth,14899.815071796533,,forecast,12569.570627813917,17230.05951577915,0.9664339249375477,0.8152892782952658,1.1175785715798296,2025Q1
2025-06-30,Al Thanyah Fifth,14745.546992387768,,forecast,12123.577783132429,17367.516201643106,0.956427766823693,0.7863612269535102,1.1264943066938757,2025Q2
2025-09-30,Al Thanyah Fifth,14599.584347358885,,forecast,11741.606648571957,17457.562046145813,0.9469603169761748,0.7615857608817951,1.1323348730705545,2025Q3
2025-12-31,Al Thanyah Fifth,14461.47999145143,,forecast,11407.655970271495,17515.304012631364,0.9380025725956253,0.7399250044757387,1.1360801407155117,2025Q4
2026-03-31,Al Thanyah Fifth,14330.810852667058,,forecast,11111.752814096675,17549.868891237442,0.9295270923258985,0.7207320918626993,1.1383220927890976,2026Q1
2026-06-30,Al Thanyah Fifth,14207.176636219236,,forecast,10847.083239580672,17567.2700328578,0.9215079121896016,0.7035650562667192,1.139450768112484,2026Q2
2026-09-30,Al Thanyah Fifth,14090.198598261162,,forecast,10608.690461167213,17571.70673535511,0.9139204660494608,0.6881023899578609,1.1397385421410604,2026Q3
2026-12-31,Al Thanyah Fifth,13979.51838563333,,forecast,10392.801911867955,17566.234859398704,0.9067415103518622,0.6740993961594152,1.1393836245443092,2026Q4
2027-03-31,Al Thanyah Fifth,13874.796938076372,,forecast,10196.447394669762,17553.14648148298,0.8999490529220258,0.6613634215301551,1.1385346843138964,2027Q1
2027-06-30,Al Thanyah Fifth,13775.713449546218,,forecast,10017.226574836566,17534.200324255868,0.893522285592681,0.6497387752169418,1.13730579596842,2027Q2
2016-03-31,Al Yelayiss 2,10508.143856067,10114.553428571428,fitted,,,,,,2016Q1
2016-06-30,Al Yelayiss 2,10145.985693785235,10639.903553719008,fitted,,,,,,2016Q2
2016-09-30,Al Yelayiss 2,10629.381179515342,10292.65414860681,fitted,,,,,,2016Q3
2016-12-31,Al Yelayiss 2,10309.863229830746,10211.401696428571,fitted,,,,,,2016Q4
2017-03-31,Al Yelayiss 2,10235.099626079002,10384.835485714286,fitted,,,,,,2017Q1
2017-06-30,Al Yelayiss 2,10394.682934049528,9507.16170212766,fitted,,,,,,2017Q2
2017-09-30,Al Yelayiss 2,9587.100476902013,10227.41043902439,fitted,,,,,,2017Q3
2017-12-31,Al Yelayiss 2,10249.829905054114,10102.70141025641,fitted,,,,,,2017Q4
2018-03-31,Al Yelayiss 2,10135.080181678122,11475.465477707006,fitted,,,,,,2018Q1
2018-06-30,Al Yelayiss 2,11398.214844474109,11011.963670886076,fitted,,,,,,2018Q2
2018-09-30,Al Yelayiss 2,10971.728449363714,9953.7756,fitted,,,,,,2018Q3
2018-12-31,Al Yelayiss 2,9998.047637208045,8129.35852173913,fitted,,,,,,2018Q4
2019-03-31,Al Yelayiss 2,8319.329126438737,8477.860298507463,fitted,,,,,,2019Q1
2019-06-30,Al Yelayiss 2,8639.999432953671,8117.192716049382,fitted,,,,,,2019Q2
2019-09-30,Al Yelayiss 2,8308.13488612321,7328.868727272727,fitted,,,,,,2019Q3
2019-12-31,Al Yelayiss 2,7582.766718826522,6996.147708333334,fitted,,,,,,2019Q4
2020-03-31,Al Yelayiss 2,7276.616913460735,7453.297727272728,fitted,,,,,,2020Q1
2020-06-30,Al Yelayiss 2,7697.258776627052,7540.3500746268655,fitted,,,,,,2020Q2
2020-09-30,Al Yelayiss 2,7777.359093956144,8681.55321495327,fitted,,,,,,2020Q3
2020-12-31,Al Yelayiss 2,8827.425363912464,9776.605805471125,fitted,,,,,,2020Q4
2021-03-31,Al Yelayiss 2,9835.026682641925,9158.338806818181,fitted,,,,,,2021Q1
2021-06-30,Al Yelayiss 2,9266.13469648169,9132.205243445693,fitted,,,,,,2021Q2
2021-09-30,Al Yelayiss 2,9242.088168355796,9117.314347826086,fitted,,,,,,2021Q3
2021-12-31,Al Yelayiss 2,9228.386464717725,8365.894811320755,fitted,,,,,,2021Q4
2022-03-31,Al Yelayiss 2,8536.975547600217,7459.595967741936,fitted,,,,,,2022Q1
2022-06-30,Al Yelayiss 2,7703.0540374733355,8160.685138888888,fitted,,,,,,2022Q2
2022-09-30,Al Yelayiss 2,8348.153989303544,7864.970842105263,fitted,,,,,,2022Q3
2022-12-31,Al Yelayiss 2,8076.055536693676,8493.654150943396,fitted,,,,,,2022Q4
2023-03-31,Al Yelayiss 2,8654.53198297005,11820.714103225806,fitted,,,,,,2023Q1
2023-06-30,Al Yelayiss 2,11715.891797503156,10325.360177514793,fitted,,,,,,2023Q2
2023-09-30,Al Yelayiss 2,10339.95734416228,10684.73952681388,fitted,,,,,,2023Q3
2023-12-31,Al Yelayiss 2,10670.636536571343,11010.942685714286,fitted,,,,,,2023Q4
2024-03-31,Al Yelayiss 2,10970.7890004145,11479.351048951048,fitted,,,,,,2024Q1
2024-06-30,Al Yelayiss 2,11401.790112678955,11838.730931818183,fitted,,,,,,2024Q2
2024-09-30,Al Yelayiss 2,11732.469796045141,11633.171516709512,fitted,,,,,,2024Q3
2024-12-31,Al Yelayiss 2,11543.326425640615,12185.523502235468,fitted,,,,,,2024Q4
2025-03-31,Al Yelayiss 2,12051.567394008714,13456.600389221558,fitted,,,,,,2025Q1
2025-06-30,Al Yelayiss 2,13221.13564910782,13795.106962190352,fitted,,,,,,2025Q2
2025-09-30,Al Yelayiss 2,13532.60897219329,,forecast,11773.778162284072,15291.439782102507,0.9809716596821962,0.853474945468249,1.1084683738961434,2025Q3
2025-12-31,Al Yelayiss 2,13291.074160828848,,forecast,10900.968049530222,15681.180272127474,0.9634629290847141,0.7902054024957987,1.1367204556736294,2025Q4
2026-03-31,Al Yelayiss 2,13068.82840153176,,forecast,10252.784246903508,15884.872556160013,0.9473524516591878,0.7432189018181847,1.1514860015001909,2026Q1
2026-06-30,Al Yelayiss 2,12864.331264052842,,forecast,9732.628146939494,15996.03438116619,0.9325285624324203,0.7055130615235311,1.1595440633413097,2026Q2
2026-09-30,Al Yelayiss 2,12676.165337425778,,forecast,9300.20194475127,16052.128730100287,0.9188885140338984,0.6741667150708781,1.1636103129969186,2026Q3
2026-12-31,Al Yelayiss 2,12503.026405605418,,forecast,8933.300273401292,16072.752537809545,0.9063377645330138,0.6475702071673451,1.1651053218986824,2026Q4
2027-03-31,Al Yelayiss 2,12343.71440768292,,forecast,8617.80659279214,16069.622222573702,0.8947893221498456,0.6247002372951392,1.1648784070045521,2027Q1
2027-06-30,Al Yelayiss 2,12197.125120021201,,forecast,8343.930652501713,16050.31958754069,0.8841631422975623,0.6048471153845179,1.1634791692106068,2027Q2
2027-09-30,Al Yelayiss 2,12062.242502657853,,forecast,8104.478825945944,16020.006179369762,0.874385572777222,0.5874893792529997,1.1612817663014443,2027Q3
2027-12-31,Al Yelayiss 2,11938.131656926947,,forecast,7893.946861398466,15982.316452455429,0.8653888432795045,0.5722280286071146,1.1585496579518944,2027Q4
2028-03-31,Al Yelayiss 2,11823.93234548753,,forecast,7707.996779173635,15939.867911801426,0.8571105956550087,0.5587486055961526,1.155472585713865,2028Q1
2028-06-30,Al Yelayiss 2,11718.853029844857,,forecast,7543.132857208932,15894.57320248078,0.8494934516973233,0.5467977071785787,1.1521891962160677,2028Q2
2016-03-31,Burj Khalifa,0.0,18644.298465991316,fitted,,,,,,2016Q1
2016-06-30,Burj Khalifa,16975.081804516234,18667.15821428571,fitted,,,,,,2016Q2
2016-09-30,Burj Khalifa,21618.283983114387,22422.736640106243,fitted,,,,,,2016Q3
2016-12-31,Burj Khalifa,19149.614874133575,16594.319724770645,fitted,,,,,,2016Q4
2017-03-31,Burj Khalifa,17616.22477614089,20211.06652985075,fitted,,,,,,2017Q1
2017-06-30,Burj Khalifa,17958.038450923268,17216.9206981982,fitted,,,,,,2017Q2
2017-09-30,Burj Khalifa,19486.139082028636,18345.169873150106,fitted,,,,,,2017Q3
2017-12-31,Burj Khalifa,16815.95755095872,17845.475,fitted,,,,,,2017Q4
2018-03-31,Burj Khalifa,18815.755976109263,16085.140383561644,fitted,,,,,,2018Q1
2018-06-30,Burj Khalifa,15790.75665116062,16394.78157175399,fitted,,,,,,2018Q2
2018-09-30,Burj Khalifa,16140.431162086536,16515.56185595568,fitted,,,,,,2018Q3
2018-12-31,Burj Khalifa,16995.222892757087,17137.004557377048,fitted,,,,,,2018Q4
2019-03-31,Burj Khalifa,17059.973863052284,17456.647126654065,fitted,,,,,,2019Q1
2019-06-30,Burj Khalifa,17540.722713448275,17957.693958868895,fitted,,,,,,2019Q2
2019-09-30,Burj Khalifa,17852.024783282304,16974.23545293073,fitted,,,,,,2019Q3
2019-12-31,Burj Khalifa,17043.87748011346,15847.396744604317,fitted,,,,,,2019Q4
2020-03-31,Burj Khalifa,15576.110975029153,17251.62856534091,fitted,,,,,,2020Q1
2020-06-30,Burj Khalifa,17194.22699270107,16620.354117647057,fitted,,,,,,2020Q2
2020-09-30,Burj Khalifa,17205.693181801882,14381.28125,fitted,,,,,,2020Q3
2020-12-31,Burj Khalifa,14015.111307976405,14733.611353637903,fitted,,,,,,2020Q4
2021-03-31,Burj Khalifa,14410.897158081958,13846.07021875,fitted,,,,,,2021Q1
2021-06-30,Burj Khalifa,14493.895697125516,16212.051317280453,fitted,,,,,,2021Q2
2021-09-30,Burj Khalifa,15840.982001761773,15846.373355704698,fitted,,,,,,2021Q3
2021-12-31,Burj Khalifa,16559.4511786167,18539.87541436464,fitted,,,,,,2021Q4
2022-03-31,Burj Khalifa,17778.758305422973,18771.69054525627,fitted,,,,,,2022Q1
2022-06-30,Burj Khalifa,19400.282620652564,21800.059319435928,fitted,,,,,,2022Q2
2022-09-30,Burj Khalifa,21067.9203324189,21094.526066763425,fitted,,,,,,2022Q3
2022-12-31,Burj Khalifa,21690.14806749735,20152.937612704918,fitted,,,,,,2022Q4
2023-03-31,Burj Khalifa,19324.953416531964,21399.965943738654,fitted,,,,,,2023Q1
2023-06-30,Burj Khalifa,21320.887895250984,20404.47554834055,fitted,,,,,,2023Q2
2023-09-30,Burj Khalifa,20929.43328082146,20658.87821512081,fitted,,,,,,2023Q3
2023-12-31,Burj Khalifa,20145.13802538275,22211.250685966017,fitted,,,,,,2023Q4
2024-03-31,Burj Khalifa,22432.8609335908,21300.028394863562,fitted,,,,,,2024Q1
2024-06-30,Burj Khalifa,21597.270685568,20970.70872693727,fitted,,,,,,2024Q2
2024-09-30,Burj Khalifa,20426.98804446334,21258.78662686567,fitted,,,,,,2024Q3
2024-12-31,Burj Khalifa,21396.857816643515,22159.86922047244,fitted,,,,,,2024Q4
2025-03-31,Burj Khalifa,22257.715583740835,21976.611663947795,fitted,,,,,,2025Q1
2025-06-30,Burj Khalifa,22100.17274377548,21607.478500400965,fitted,,,,,,2025Q2
2025-09-30,Burj Khalifa,21370.522171471348,,forecast,18583.390643957086,24157.65369898561,0.9890335964501726,0.8600443889652483,1.118022803935097,2025Q3
2025-12-31,Burj Khalifa,21349.382738614404,,forecast,17494.269447292703,25204.496029936105,0.988055257730245,0.8096395628470979,1.1664709526133923,2025Q4
2026-03-31,Burj Khalifa,21390.239137203134,,forecast,16354.825921283473,26425.652353122794,0.9899461030034671,0.7569058055978156,1.2229864004091184,2026Q1
2026-06-30,Burj Khalifa,21440.85618324917,,forecast,15809.66942361591,27072.042942882428,0.9922886737039353,0.7316758141549248,1.2529015332529456,2026Q2
2026-09-30,Burj Khalifa,21452.035155684676,,forecast,15206.888811396017,27697.181499973336,0.9928060395981232,0.7037789629694101,1.2818331162268364,2026Q3
2026-12-31,Burj Khalifa,21452.112808990914,,forecast,14759.052767169378,28145.17285081245,0.9928096334143215,0.6830529886629528,1.3025662781656902,2026Q4
2027-03-31,Burj Khalifa,21442.27330526249,,forecast,14251.346261735187,28633.200348789793,0.9923542584973342,0.6595561930778147,1.3251523239168537,2027Q1
2027-06-30,Burj Khalifa,21440.04829085578,,forecast,13821.551759128892,29058.544822582666,0.9922512842235581,0.6396651862396813,1.3448373822074349,2027Q2
2027-09-30,Burj Khalifa,21438.11455391063,,forecast,13376.170746384149,29500.05836143711,0.99216179035017,0.6190528314599933,1.3652707492403469,2027Q3
2027-12-31,Burj Khalifa,21440.101802326848,,forecast,12982.864441236956,29897.339163416742,0.9922537607490384,0.6008505083550603,1.3836570131430164,2027Q4
2028-03-31,Burj Khalifa,21440.150755630268,,forecast,12589.131079314513,30291.170431946022,0.9922560263212762,0.582628420946058,1.4018836316964942,2028Q1
2028-06-30,Burj Khalifa,21441.01850337465,,forecast,12226.478540862316,30655.558465886985,0.992296185923627,0.5658447625267998,1.4187476093204543,2028Q2
2016-03-31,Business Bay,0.0,17550.00809716599,fitted,,,,,,2016Q1
2016-06-30,Business Bay,15541.939269324297,16781.8396875,fitted,,,,,,2016Q2
2016-09-30,Business Bay,16929.80757334245,18467.759896103897,fitted,,,,,,2016Q3
2016-12-31,Business Bay,18143.01073195297,17741.676862170087,fitted,,,,,,2016Q4
2017-03-31,Business Bay,17881.538082867733,17052.919456521737,fitted,,,,,,2017Q1
2017-06-30,Business Bay,17185.590854993367,16441.459668367348,fitted,,,,,,2017Q2
2017-09-30,Business Bay,16559.24166902293,17335.315754189945,fitted,,,,,,2017Q3
2017-12-31,Business Bay,17163.137370384648,16660.458452138493,fitted,,,,,,2017Q4
2018-03-31,Business Bay,16790.452353180728,16256.12597678917,fitted,,,,,,2018Q1
2018-06-30,Business Bay,16334.010228213798,15779.372132867133,fitted,,,,,,2018Q2
2018-09-30,Business Bay,15871.206498176529,16135.53888888889,fitted,,,,,,2018Q3
2018-12-31,Business Bay,16066.932524408454,16881.513253968253,fitted,,,,,,2018Q4
2019-03-31,Business Bay,16737.82047995604,15911.630531914894,fitted,,,,,,2019Q1
2019-06-30,Business Bay,16098.45349168716,14597.027925233646,fitted,,,,,,2019Q2
2019-09-30,Business Bay,14850.252304140577,14285.0107,fitted,,,,,,2019Q3
2019-12-31,Business Bay,14345.112792956836,15841.471120689655,fitted,,,,,,2019Q4
2020-03-31,Business Bay,15541.659054808119,15223.828947368422,fitted,,,,,,2020Q1
2020-06-30,Business Bay,15342.801825507495,15463.112162162162,fitted,,,,,,2020Q2
2020-09-30,Business Bay,15417.020405504258,13289.893023255814,fitted,,,,,,2020Q3
2020-12-31,Business Bay,13708.507792374137,14227.803864915571,fitted,,,,,,2020Q4
2021-03-31,Business Bay,14047.13946554324,13842.763457382955,fitted,,,,,,2021Q1
2021-06-30,Business Bay,13916.931588159498,14858.759358059915,fitted,,,,,,2021Q2
2021-09-30,Business Bay,14663.05388051609,16146.06929401251,fitted,,,,,,2021Q3
2021-12-31,Business Bay,15898.10214611885,15557.079607843138,fitted,,,,,,2021Q4
2022-03-31,Business Bay,15670.533321311234,16762.03312793427,fitted,,,,,,2022Q1
2022-06-30,Business Bay,16529.929825243362,17206.977418300652,fitted,,,,,,2022Q2
2022-09-30,Business Bay,17121.270345301116,18794.63235714286,fitted,,,,,,2022Q3
2022-12-31,Business Bay,18488.81146970237,20157.111309904154,fitted,,,,,,2022Q4
2023-03-31,Business Bay,19894.664784366112,21039.864148451732,fitted,,,,,,2023Q1
2023-06-30,Business Bay,20869.824519644164,18724.43191644562,fitted,,,,,,2023Q2
2023-09-30,Business Bay,19170.440380045908,23507.837766679982,fitted,,,,,,2023Q3
2023-12-31,Business Bay,22586.4376649844,21606.679853637535,fitted,,,,,,2023Q4
2024-03-31,Business Bay,21972.889025357897,22396.597755519215,fitted,,,,,,2024Q1
2024-06-30,Business Bay,22244.440389426334,23129.234796304074,fitted,,,,,,2024Q2
2024-09-30,Business Bay,22988.11111476406,22962.000619025945,fitted,,,,,,2024Q3
2024-12-31,Business Bay,22994.2139818004,23129.158930982747,fitted,,,,,,2024Q4
2025-03-31,Business Bay,23096.960181711092,23203.92967171717,fitted,,,,,,2025Q1
2025-06-30,Business Bay,23189.527011714323,23269.911807318895,fitted,,,,,,2025Q2
2025-09-30,Business Bay,23257.20204604063,,forecast,20930.864951028583,25583.53914105268,0.9994538113687966,0.8994819200150715,1.0994257027225216,2025Q3
2025-12-31,Business Bay,23259.650254639477,,forecast,20269.73636995194,26249.564139327013,0.9995590205599236,0.8710706141815573,1.12804742693829,2025Q4
2026-03-31,Business Bay,23259.178670223984,,forecast,19681.60670487552,26836.750635572447,0.9995387547153688,0.8457963600311208,1.1532811493996167,2026Q1
2026-06-30,Business Bay,23259.269508831872,,forecast,19185.76904836551,27332.769969298235,0.9995426584090588,0.8244882579370656,1.174597058881052,2026Q2
2026-09-30,Business Bay,23259.252011110548,,forecast,18742.58528648114,27775.918735739957,0.9995419064628773,0.8054429016179677,1.193640911307787,2026Q3
2026-12-31,Business Bay,23259.255381596497,,forecast,18339.423716079727,28179.087047113266,0.9995420513059682,0.7881174569089505,1.2109666457029857,2026Q4
2027-03-31,Business Bay,23259.254732359073,,forecast,17966.83822219139,28551.671242526758,0.9995420234056723,0.772105986948366,1.2269780598629787,2027Q1
2027-06-30,Business Bay,23259.254857417964,,forecast,17618.819402831374,28899.690312004554,0.9995420287799467,0.7571502440026382,1.241933813557255,2027Q2
2027-09-30,Business Bay,23259.254833328585,,forecast,17291.058378883594,29227.451287773576,0.999542027744731,0.7430650585209858,1.256018996968476,2027Q3
2027-12-31,Business Bay,23259.254837968783,,forecast,16980.383728687713,29538.125947249853,0.9995420279441386,0.7297141419911618,1.2693699138971153,2027Q4
2028-03-31,Business Bay,23259.25483707497,,forecast,16684.37259224989,29834.137081900048,0.9995420279057279,0.7169933745516942,1.2820906812597614,2028Q1
2028-06-30,Business Bay,23259.25483724714,,forecast,16401.126044586003,30117.383629908276,0.9995420279131267,0.7048211518974253,1.294262903928828,2028Q2
2016-03-31,Hadaeq Sheikh Mohammed Bin Rashid,262.84239597749456,14101.926216216216,fitted,,,,,,2016Q1
2016-06-30,Hadaeq Sheikh Mohammed Bin Rashid,14364.768612193711,14150.31,fitted,,,,,,2016Q2
2016-09-30,Hadaeq Sheikh Mohammed Bin Rashid,14413.152395977493,12203.160434782609,fitted,,,,,,2016Q3
2016-12-31,Hadaeq Sheikh Mohammed Bin Rashid,12466.002830760102,12290.95857142857,fitted,,,,,,2016Q4
2017-03-31,Hadaeq Sheikh Mohammed Bin Rashid,12553.800967406063,14171.334527027026,fitted,,,,,,2017Q1
2017-06-30,Hadaeq Sheikh Mohammed Bin Rashid,14434.176923004521,12266.42,fitted,,,,,,2017Q2
2017-09-30,Hadaeq Sheikh Mohammed Bin Rashid,12529.262395977494,13999.002269326684,fitted,,,,,,2017Q3
2017-12-31,Hadaeq Sheikh Mohammed Bin Rashid,14261.84466530418,14366.287098445597,fitted,,,,,,2017Q4
2018-03-31,Hadaeq Sheikh Mohammed Bin Rashid,14629.12949442309,13601.731634615386,fitted,,,,,,2018Q1
2018-06-30,Hadaeq Sheikh Mohammed Bin Rashid,13864.574030592881,13842.896730769231,fitted,,,,,,2018Q2
2018-09-30,Hadaeq Sheikh Mohammed Bin Rashid,14105.739126746725,14051.507283950617,fitted,,,,,,2018Q3
2018-12-31,Hadaeq Sheikh Mohammed Bin Rashid,14314.349679928113,14784.601750000002,fitted,,,,,,2018Q4
2019-03-31,Hadaeq Sheikh Mohammed Bin Rashid,15047.444145977497,15102.542066666667,fitted,,,,,,2019Q1
2019-06-30,Hadaeq Sheikh Mohammed Bin Rashid,15365.38446264416,14892.520347003156,fitted,,,,,,2019Q2
2019-09-30,Hadaeq Sheikh Mohammed Bin Rashid,15155.362742980647,14373.618712446352,fitted,,,,,,2019Q3
2019-12-31,Hadaeq Sheikh Mohammed Bin Rashid,14636.46110842385,13746.80343042071,fitted,,,,,,2019Q4
2020-03-31,Hadaeq Sheikh Mohammed Bin Rashid,14009.645826398202,12619.941393442623,fitted,,,,,,2020Q1
2020-06-30,Hadaeq Sheikh Mohammed Bin Rashid,12882.783789420118,12357.096181818182,fitted,,,,,,2020Q2
2020-09-30,Hadaeq Sheikh Mohammed Bin Rashid,12619.938577795678,12234.506899224805,fitted,,,,,,2020Q3
2020-12-31,Hadaeq Sheikh Mohammed Bin Rashid,12497.349295202297,12637.739856630824,fitted,,,,,,2020Q4
2021-03-31,Hadaeq Sheikh Mohammed Bin Rashid,12900.582252608321,12469.96612244898,fitted,,,,,,2021Q1
2021-06-30,Hadaeq Sheikh Mohammed Bin Rashid,12732.808518426475,13915.675036764706,fitted,,,,,,2021Q2
2021-09-30,Hadaeq Sheikh Mohammed Bin Rashid,14178.5174327422,13791.355864864865,fitted,,,,,,2021Q3
2021-12-31,Hadaeq Sheikh Mohammed Bin Rashid,14054.19826084236,14050.050845360825,fitted,,,,,,2021Q4
2022-03-31,Hadaeq Sheikh Mohammed Bin Rashid,14312.893241338319,15094.050414201183,fitted,,,,,,2022Q1
2022-06-30,Hadaeq Sheikh Mohammed Bin Rashid,15356.892810178677,14885.772386980108,fitted,,,,,,2022Q2
2022-09-30,Hadaeq Sheikh Mohammed Bin Rashid,15148.614782957604,17043.994102306922,fitted,,,,,,2022Q3
2022-12-31,Hadaeq Sheikh Mohammed Bin Rashid,17306.836498284418,17771.453442922375,fitted,,,,,,2022Q4
2023-03-31,Hadaeq Sheikh Mohammed Bin Rashid,18034.29583889987,19149.585249003983,fitted,,,,,,2023Q1
2023-06-30,Hadaeq Sheikh Mohammed Bin Rashid,19412.42764498148,20134.778945205482,fitted,,,,,,2023Q2
2023-09-30,Hadaeq Sheikh Mohammed Bin Rashid,20397.621341182978,20130.319438877756,fitted,,,,,,2023Q3
2023-12-31,Hadaeq Sheikh Mohammed Bin Rashid,20393.16183485525,21668.10001753361,fitted,,,,,,2023Q4
2024-03-31,Hadaeq Sheikh Mohammed Bin Rashid,21930.942413511104,21955.513578138343,fitted,,,,,,2024Q1
2024-06-30,Hadaeq Sheikh Mohammed Bin Rashid,22218.35597411584,23050.953840425533,fitted,,,,,,2024Q2
2024-09-30,Hadaeq Sheikh Mohammed Bin Rashid,23313.796236403028,24696.858341314757,fitted,,,,,,2024Q3
2024-12-31,Hadaeq Sheikh Mohammed Bin Rashid,24959.700737292253,24370.519642285104,fitted,,,,,,2024Q4
2025-03-31,Hadaeq Sheikh Mohammed Bin Rashid,24633.3620382626,23863.645028571427,fitted,,,,,,2025Q1
2025-06-30,Hadaeq Sheikh Mohammed Bin Rashid,24126.487424548923,23827.094867383512,fitted,,,,,,2025Q2
2025-09-30,Hadaeq Sheikh Mohammed Bin Rashid,24089.937263361007,,forecast,22233.17644455248,25946.698082169536,1.011031239747876,0.9331047938616756,1.0889576856340766,2025Q3
2025-12-31,Hadaeq Sheikh Mohammed Bin Rashid,24352.779659338503,,forecast,21726.92332729651,26978.635991380495,1.0220624794957522,0.9118578428559543,1.13226711613555,2025Q4
2026-03-31,Hadaeq Sheikh Mohammed Bin Rashid,24615.622055316,,forecast,21399.617979636438,27831.62613099556,1.0330937192436283,0.8981211557154622,1.1680662827717943,2026Q1
2026-06-30,Hadaeq Sheikh Mohammed Bin Rashid,24878.464451293494,,forecast,21164.942813676436,28591.98608891055,1.0441249589915045,0.8882720672191032,1.1999778507639056,2026Q2
2026-09-30,Hadaeq Sheikh Mohammed Bin Rashid,25141.30684727099,,forecast,20989.46343845695,29293.150256085028,1.0551561987393805,0.8809073684928772,1.2294050289858838,2026Q3
2026-12-31,Hadaeq Sheikh Mohammed Bin Rashid,25404.149243248485,,forecast,20856.0326627753,29952.26582372167,1.0661874384872565,0.8753074085974598,1.2570674683770533,2026Q4
2027-03-31,Hadaeq Sheikh Mohammed Bin Rashid,25666.99163922598,,forecast,20754.464268529955,30579.519009922005,1.0772186782351327,0.8710446818651137,1.2833926746051516,2027Q1
2027-06-30,Hadaeq Sheikh Mohammed Bin Rashid,25929.834035203476,,forecast,20678.121371119487,31181.546699287464,1.0882499179830087,0.8678406447034128,1.3086591912626047,2027Q2
2027-09-30,Hadaeq Sheikh Mohammed Bin Rashid,26192.67643118097,,forecast,20622.393974755385,31762.958887606557,1.0992811577308848,0.8655018200722832,1.3330604953894867,2027Q3
2027-12-31,Hadaeq Sheikh Mohammed Bin Rashid,26455.518827158467,,forecast,20583.925569564308,32327.112084752625,1.110312397478761,0.8638873385165088,1.356737456441013,2027Q4
2028-03-31,Hadaeq Sheikh Mohammed Bin Rashid,26718.361223135962,,forecast,20560.182261715006,32876.54018455692,1.121343637226637,0.8628908549761757,1.3797964194770984,2028Q1
2028-06-30,Hadaeq Sheikh Mohammed Bin Rashid,26981.203619113458,,forecast,20549.195467754333,33413.21177047258,1.1323748769745132,0.8624297499181809,1.4023200040308454,2028Q2
2016-03-31,Jabal Ali First,9983.79050373191,8659.383902439024,fitted,,,,,,2016Q1
2016-06-30,Jabal Ali First,8863.734815351794,11467.323946784922,fitted,,,,,,2016Q2
2016-09-30,Jabal Ali First,11238.4203660201,11381.745887445886,fitted,,,,,,2016Q3
2016-12-31,Jabal Ali First,11166.046676497828,9348.907163120566,fitted,,,,,,2016Q4
2017-03-31,Jabal Ali First,9446.867253413371,9951.17383233533,fitted,,,,,,2017Q1
2017-06-30,Jabal Ali First,9956.206460962792,9979.217278481014,fitted,,,,,,2017Q2
2017-09-30,Jabal Ali First,9979.922909783412,8914.88807860262,fitted,,,,,,2017Q3
2017-12-31,Jabal Ali First,9079.815666683662,10706.636887159533,fitted,,,,,,2017Q4
2018-03-31,Jabal Ali First,10595.104433149616,10628.764109589041,fitted,,,,,,2018Q1
2018-06-30,Jabal Ali First,10529.247129657891,9188.659369369369,fitted,,,,,,2018Q2
2018-09-30,Jabal Ali First,9311.34508615282,8300.987755102042,fitted,,,,,,2018Q3
2018-12-31,Jabal Ali First,8560.637833559016,8010.5243283582095,fitted,,,,,,2018Q4
2019-03-31,Jabal Ali First,8314.991811353135,8699.041666666666,fitted,,,,,,2019Q1
2019-06-30,Jabal Ali First,8897.273537046663,8072.131111111112,fitted,,,,,,2019Q2
2019-09-30,Jabal Ali First,8367.092901303777,5253.23911960133,fitted,,,,,,2019Q3
2019-12-31,Jabal Ali First,5983.145247360109,7542.789,fitted,,,,,,2019Q4
2020-03-31,Jabal Ali First,7919.426269266185,8088.398716216217,fitted,,,,,,2020Q1
2020-06-30,Jabal Ali First,8380.850476671121,8687.074888888888,fitted,,,,,,2020Q2
2020-09-30,Jabal Ali First,8887.153187670197,7895.523173076924,fitted,,,,,,2020Q3
2020-12-31,Jabal Ali First,8217.734897941991,7422.9196249999995,fitted,,,,,,2020Q4
2021-03-31,Jabal Ali First,7818.052283965708,8131.813503184713,fitted,,,,,,2021Q1
2021-06-30,Jabal Ali First,8417.566526754536,7912.970576923078,fitted,,,,,,2021Q2
2021-09-30,Jabal Ali First,8232.49023358157,7660.2268468468465,fitted,,,,,,2021Q3
2021-12-31,Jabal Ali First,8018.743901980728,9257.986541353383,fitted,,,,,,2021Q4
2022-03-31,Jabal Ali First,9369.97533857243,9892.645693950179,fitted,,,,,,2022Q1
2022-06-30,Jabal Ali First,9906.70899223635,9621.443015463918,fitted,,,,,,2022Q2
2022-09-30,Jabal Ali First,9677.351857919799,10498.619078726968,fitted,,,,,,2022Q3
2022-12-31,Jabal Ali First,10419.182983202285,10440.561152,fitted,,,,,,2022Q4
2023-03-31,Jabal Ali First,10370.083174259462,9156.708222222223,fitted,,,,,,2023Q1
2023-06-30,Jabal Ali First,9284.323879766886,10301.032535211267,fitted,,,,,,2023Q2
2023-09-30,Jabal Ali First,10252.083293578204,10022.200447761194,fitted,,,,,,2023Q3
2023-12-31,Jabal Ali First,10016.273939149978,11718.75915803109,fitted,,,,,,2023Q4
2024-03-31,Jabal Ali First,11451.060078280978,11947.629969758063,fitted,,,,,,2024Q1
2024-06-30,Jabal Ali First,11644.616992244351,12250.07431018936,fitted,,,,,,2024Q2
2024-09-30,Jabal Ali First,11900.395318619163,12062.846599645181,fitted,,,,,,2024Q3
2024-12-31,Jabal Ali First,11742.0561333473,12704.459182432432,fitted,,,,,,2024Q4
2025-03-31,Jabal Ali First,12284.670329309158,12904.823635077793,fitted,,,,,,2025Q1
2025-06-30,Jabal Ali First,12454.119307225401,13602.712005347594,fitted,,,,,,2025Q2
2025-09-30,Jabal Ali First,13044.326150208477,,forecast,10913.639053693756,15175.013246723198,0.9589504023227426,0.8023134687702944,1.1155873358751909,2025Q3
2025-12-31,Jabal Ali First,12572.0971136354,,forecast,9781.616901437548,15362.577325833252,0.9242346017980069,0.7190931409554309,1.1293760626405829,2025Q4
2026-03-31,Jabal Ali First,12172.731225459063,,forecast,8993.258232286713,15352.204218631414,0.8948753175597361,0.6611371488826067,1.1286134862368657,2026Q1
2026-06-30,Jabal Ali First,11834.985978372393,,forecast,8404.247033281395,15265.724923463391,0.8700460594710628,0.6178361366452115,1.1222559822969143,2026Q2
2026-09-30,Jabal Ali First,11549.353541284354,,forecast,7949.647260270913,15149.059822297795,0.8490478616869923,0.5844163470597401,1.1136793763142445,2026Q3
2026-12-31,Jabal Ali First,11307.793105362318,,forecast,7591.9486176813625,15023.637593043273,0.8312896061400784,0.5581202200485287,1.1044589922316281,2026Q4
2027-03-31,Jabal Ali First,11103.504528064428,,forecast,7306.774680804139,14900.234375324717,0.8162713820375922,0.5371557287937617,1.0953870352814228,2027Q1
2027-06-30,Jabal Ali First,10930.73690303884,,forecast,7077.197870366848,14784.275935710832,0.8035704129251338,0.5202784465027717,1.0868623793474959,2027Q2
2027-09-30,Jabal Ali First,10784.62666696109,,forecast,6890.965223013236,14678.288110908945,0.792829155150926,0.5065875996127986,1.0790707106890534,2027Q3
2027-12-31,Jabal Ali First,10661.060685872135,,forecast,6738.954843153588,14583.166528590682,0.7837452326919061,0.49541259423152695,1.0720778711522854,2027Q4
2028-03-31,Jabal Ali First,10556.560466774883,,forecast,6614.236646769297,14498.884286780469,0.7760629249979573,0.48624396695078614,1.0658818830451284,2028Q1
2028-06-30,Jabal Ali First,10468.184234942011,,forecast,6511.463582946352,14424.904886937671,0.769565968229474,0.4786886306485442,1.060443305810404,2028Q2
2016-06-30,Madinat Al Mataar,9209.72342609923,9278.609841269841,fitted,,,,,,2016Q2
2016-09-30,Madinat Al Mataar,9272.339615771485,8975.608245614036,fitted,,,,,,2016Q3
2016-12-31,Madinat Al Mataar,8996.918034642757,9763.075909090909,fitted,,,,,,2016Q4
2017-03-31,Madinat Al Mataar,9712.708288133425,7182.018934169279,fitted,,,,,,2017Q1
2017-06-30,Madinat Al Mataar,7366.586012844249,7611.470310344828,fitted,,,,,,2017Q2
2017-09-30,Madinat Al Mataar,7756.947577733626,8199.429727047147,fitted,,,,,,2017Q3
2017-12-31,Madinat Al Mataar,8291.389357940057,7973.571659192825,fitted,,,,,,2017Q4
2018-03-31,Madinat Al Mataar,8086.089494668774,9899.09140625,fitted,,,,,,2018Q1
2018-06-30,Madinat Al Mataar,9836.343291455723,9605.567657657657,fitted,,,,,,2018Q2
2018-09-30,Madinat Al Mataar,9569.536858436248,9119.619756097562,fitted,,,,,,2018Q3
2018-12-31,Madinat Al Mataar,9127.821232800054,8796.80969924812,fitted,,,,,,2018Q4
2019-03-31,Madinat Al Mataar,8834.394209522183,7918.0837037037045,fitted,,,,,,2019Q1
2019-06-30,Madinat Al Mataar,8035.6522010917,8164.60761061947,fitted,,,,,,2019Q2
2019-09-30,Madinat Al Mataar,8259.736843556422,8354.006600790513,fitted,,,,,,2019Q3
2019-12-31,Madinat Al Mataar,8431.896231774132,7921.005502645503,fitted,,,,,,2019Q4
2020-03-31,Madinat Al Mataar,8038.308050089949,8576.29243902439,fitted,,,,,,2020Q1
2020-06-30,Madinat Al Mataar,8633.949019306132,6804.015769230769,fitted,,,,,,2020Q2
2020-09-30,Madinat Al Mataar,7022.989705591492,6264.552307692308,fitted,,,,,,2020Q3
2020-12-31,Madinat Al Mataar,6532.629649181494,5765.5252,fitted,,,,,,2020Q4
2021-03-31,Madinat Al Mataar,6079.025321688645,4875.066458333334,fitted,,,,,,2021Q1
2021-06-30,Madinat Al Mataar,5269.618513025086,5773.160784313725,fitted,,,,,,2021Q2
2021-09-30,Madinat Al Mataar,6085.965894724163,7489.63637254902,fitted,,,,,,2021Q3
2021-12-31,Madinat Al Mataar,7646.203290363673,6939.6305747126435,fitted,,,,,,2021Q4
2022-03-31,Madinat Al Mataar,7146.260489263244,6696.095648148148,fitted,,,,,,2022Q1
2022-06-30,Madinat Al Mataar,6924.892762174917,6298.346051282051,fitted,,,,,,2022Q2
2022-09-30,Madinat Al Mataar,6563.347395969596,6867.221274509803,fitted,,,,,,2022Q3
2022-12-31,Madinat Al Mataar,7080.442076963709,7491.155355648535,fitted,,,,,,2022Q4
2023-03-31,Madinat Al Mataar,7647.5840115644005,7852.860718232045,fitted,,,,,,2023Q1
2023-06-30,Madinat Al Mataar,7976.3659859625,7861.66632034632,fitted,,,,,,2023Q2
2023-09-30,Madinat Al Mataar,7984.370078653349,11494.437889087658,fitted,,,,,,2023Q3
2023-12-31,Madinat Al Mataar,11286.477076396024,11918.482070484582,fitted,,,,,,2023Q4
2024-03-31,Madinat Al Mataar,11671.923623817665,13616.465102040816,fitted,,,,,,2024Q1
2024-06-30,Madinat Al Mataar,13215.351704679028,12911.600964052288,fitted,,,,,,2024Q2
2024-09-30,Madinat Al Mataar,12574.646183160037,,forecast,10419.734904602767,14729.557461717308,0.9739029434203876,0.8070056481464052,1.14080023869437,2024Q3
2024-12-31,Madinat Al Mataar,12268.361926401043,,forecast,9356.248450556279,15180.475402245807,0.9501813106335835,0.7246389101247313,1.1757237111424357,2024Q4
2025-03-31,Madinat Al Mataar,11989.956480750434,,forecast,8576.674990032865,15403.237971468003,0.928618884221419,0.6642611566072661,1.192976611835572,2025Q1
2025-06-30,Madinat Al Mataar,11736.892242359287,,forecast,7959.361115980082,15514.423368738491,0.9090191274526254,0.6164503641446217,1.201587890760629,2025Q2
2025-09-30,Madinat Al Mataar,11506.862586858719,,forecast,7452.99151209742,15560.733661620017,0.8912033928941455,0.5772321753783746,1.2051746104099164,2025Q3
2025-12-31,Madinat Al Mataar,11297.770844990693,,forecast,7029.052020637857,15566.48966934353,0.875009294079431,0.5443981765086859,1.205620411650176,2025Q4
2026-03-31,Madinat Al Mataar,11107.71119193306,,forecast,6669.316069924907,15546.106313941213,0.8602892253918386,0.5165367244924329,1.2040417262912444,2026Q1
2026-06-30,Madinat Al Mataar,10934.951276129272,,forecast,6361.1093064743245,15508.793245784218,0.8469090166721938,0.49266619408271267,1.2011518392616747,2026Q2
2026-09-30,Madinat Al Mataar,10777.91642928841,,forecast,6095.117693080657,15460.715165496164,0.8347467102875659,0.472065215618909,1.1974282049562226,2026Q3
2026-12-31,Madinat Al Mataar,10635.175313633204,,forecast,5864.229110680643,15406.121516585765,0.8236914495145123,0.45418295740454506,1.1931999416244796,2026Q4
2027-03-31,Madinat Al Mataar,10505.426875573841,,forecast,5662.860114104976,15347.993637042706,0.8136424681046468,0.43858698312247835,1.1886979530868154,2027Q1
2027-06-30,Madinat Al Mataar,10387.488486893253,,forecast,5486.535546314648,15288.441427471858,0.8045081718226486,0.4249306930712879,1.1840856505740092,2027Q2
2016-03-31,Madinat Dubai Almelaheyah,22449.757065668866,22912.674285714285,fitted,,,,,,2016Q1
2016-06-30,Madinat Dubai Almelaheyah,22884.086799903213,23680.58,fitted,,,,,,2016Q2
2016-09-30,Madinat Dubai Almelaheyah,23604.570442248656,23680.58,fitted,,,,,,2016Q3
2016-12-31,Madinat Dubai Almelaheyah,23604.570442248656,21807.67,fitted,,,,,,2016Q4
2017-03-31,Madinat Dubai Almelaheyah,21847.322132356367,20271.917999999998,fitted,,,,,,2017Q1
2017-06-30,Madinat Dubai Almelaheyah,20406.410606221263,20271.917999999998,fitted,,,,,,2017Q2
2017-09-30,Madinat Dubai Almelaheyah,20406.410606221263,20271.917999999998,fitted,,,,,,2017Q3
2017-12-31,Madinat Dubai Almelaheyah,20406.410606221263,20271.917999999998,fitted,,,,,,2017Q4
2018-03-31,Madinat Dubai Almelaheyah,20406.410606221263,20271.917999999998,fitted,,,,,,2018Q1
2018-06-30,Madinat Dubai Almelaheyah,20406.410606221263,20271.917999999998,fitted,,,,,,2018Q2
2018-09-30,Madinat Dubai Almelaheyah,20406.410606221263,20271.917999999998,fitted,,,,,,2018Q3
2018-12-31,Madinat Dubai Almelaheyah,20406.410606221263,20271.917999999998,fitted,,,,,,2018Q4
2019-03-31,Madinat Dubai Almelaheyah,20406.410606221263,20271.917999999998,fitted,,,,,,2019Q1
2019-06-30,Madinat Dubai Almelaheyah,20406.410606221263,20271.917999999998,fitted,,,,,,2019Q2
2019-09-30,Madinat Dubai Almelaheyah,20406.410606221263,20271.917999999998,fitted,,,,,,2019Q3
2019-12-31,Madinat Dubai Almelaheyah,20406.410606221263,17366.751666666667,fitted,,,,,,2019Q4
2020-03-31,Madinat Dubai Almelaheyah,17680.653026195545,14695.083333333334,fitted,,,,,,2020Q1
2020-06-30,Madinat Dubai Almelaheyah,15173.973760591354,14703.48,fitted,,,,,,2020Q2
2020-09-30,Madinat Dubai Almelaheyah,15181.851890511494,14703.48,fitted,,,,,,2020Q3
2020-12-31,Madinat Dubai Almelaheyah,15181.851890511494,18964.64,fitted,,,,,,2020Q4
2021-03-31,Madinat Dubai Almelaheyah,19179.86365198461,18964.64,fitted,,,,,,2021Q1
2021-06-30,Madinat Dubai Almelaheyah,19179.86365198461,18964.64,fitted,,,,,,2021Q2
2021-09-30,Madinat Dubai Almelaheyah,19179.86365198461,15131.075,fitted,,,,,,2021Q3
2021-12-31,Madinat Dubai Almelaheyah,15583.040730908735,15131.075,fitted,,,,,,2021Q4
2022-03-31,Madinat Dubai Almelaheyah,15583.040730908735,18452.02,fitted,,,,,,2022Q1
2022-06-30,Madinat Dubai Almelaheyah,18698.90053650283,15392.178518518518,fitted,,,,,,2022Q2
2022-09-30,Madinat Dubai Almelaheyah,15828.019783091484,18249.587708333333,fitted,,,,,,2022Q3
2022-12-31,Madinat Dubai Almelaheyah,18508.969465389495,18022.875321637428,fitted,,,,,,2022Q4
2023-03-31,Madinat Dubai Almelaheyah,18296.257718240395,19384.690238095238,fitted,,,,,,2023Q1
2023-06-30,Madinat Dubai Almelaheyah,19573.97365778452,18772.267680412373,fitted,,,,,,2023Q2
2023-09-30,Madinat Dubai Almelaheyah,18999.371298659884,20561.365595238094,fitted,,,,,,2023Q3
2023-12-31,Madinat Dubai Almelaheyah,20677.983344652115,21385.274425403226,fitted,,,,,,2023Q4
2024-03-31,Madinat Dubai Almelaheyah,21451.011626477193,25393.646673049305,fitted,,,,,,2024Q1
2024-06-30,Madinat Dubai Almelaheyah,25211.846561201884,24821.27384236453,fitted,,,,,,2024Q2
2024-09-30,Madinat Dubai Almelaheyah,24674.820655339307,25868.285370722435,fitted,,,,,,2024Q3
2024-12-31,Madinat Dubai Almelaheyah,25657.17391238031,26209.709444444445,fitted,,,,,,2024Q4
2025-03-31,Madinat Dubai Almelaheyah,25977.513318173722,27825.606901121308,fitted,,,,,,2025Q1
2025-06-30,Madinat Dubai Almelaheyah,27493.62091261481,28381.40144039735,fitted,,,,,,2025Q2
2025-09-30,Madinat Dubai Almelaheyah,28015.09232063238,,forecast,24669.6689240888,31360.515717175957,0.9870933392583082,0.8692195477343355,1.104967130782281,2025Q3
2025-12-31,Madinat Dubai Almelaheyah,27671.404646582305,,forecast,23084.020889837862,32258.788403326747,0.9749837302676515,0.8133502828715381,1.136617177663765,2025Q4
2026-03-31,Madinat Dubai Almelaheyah,27348.941429259903,,forecast,21897.607231996633,32800.27562652317,0.9636219510405195,0.7715477784979338,1.1556961235831051,2026Q1
2026-06-30,Madinat Dubai Almelaheyah,27046.391950832098,,forecast,20934.77371995831,33158.01018170589,0.9529618192967373,0.7376229734082228,1.1683006651852519,2026Q2
2026-09-30,Madinat Dubai Almelaheyah,26762.526436938715,,forecast,20123.7880135857,33401.26486029173,0.9429600047461233,0.709048425809658,1.1768715836825887,2026Q3
2026-12-31,Madinat Dubai Almelaheyah,26496.191058022563,,forecast,19425.876922038435,33566.50519400669,0.9335758529636445,0.6844579878422827,1.1826937180850061,2026Q4
2027-03-31,Madinat Dubai Almelaheyah,26246.30323935272,,forecast,18816.790957493307,33675.815521212135,0.9247712201411737,0.6629972447629022,1.1865451955194453,2027Q1
2027-06-30,Madinat Dubai Almelaheyah,26011.847260677692,,forecast,18279.92982805213,33743.76469330325,0.9165103180441648,0.6440812962122777,1.188939339876052,2027Q2
2027-09-30,Madinat Dubai Almelaheyah,25791.870127622267,,forecast,17803.21279233884,33780.527462905695,0.9087595685430385,0.6272844852191904,1.1902346518668867,2027Q3
2027-12-31,Madinat Dubai Almelaheyah,25585.477698046583,,forecast,17377.45490686999,33793.50048922318,0.9014874671279932,0.612283186345244,1.1906917479107424,2027Q4
2028-03-31,Madinat Dubai Almelaheyah,25391.831047622145,,forecast,16995.441960338096,33788.220134906194,0.894664454852468,0.5988232116031883,1.1905056981017477,2028Q1
2028-06-30,Madinat Dubai Almelaheyah,25210.143059851966,,forecast,16651.36480075068,33768.921318953246,0.8882627981847473,0.5866998793459707,1.1898257170235238,2028Q2
2016-03-31,Marsa Dubai,0.0,14527.76891279728,fitted,,,,,,2016Q1
2016-06-30,Marsa Dubai,14527.76891279728,15422.33487689394,fitted,,,,,,2016Q2
2016-09-30,Marsa Dubai,15422.33487689394,15420.374004024145,fitted,,,,,,2016Q3
2016-12-31,Marsa Dubai,15420.374004024145,14712.682349785407,fitted,,,,,,2016Q4
2017-03-31,Marsa Dubai,14712.682349785407,15748.297297297297,fitted,,,,,,2017Q1
2017-06-30,Marsa Dubai,15748.297297297297,15565.362802419355,fitted,,,,,,2017Q2
2017-09-30,Marsa Dubai,15565.362802419355,15336.016198895028,fitted,,,,,,2017Q3
2017-12-31,Marsa Dubai,15336.016198895028,14752.879949647533,fitted,,,,,,2017Q4
2018-03-31,Marsa Dubai,14752.879949647533,14734.211769911504,fitted,,,,,,2018Q1
2018-06-30,Marsa Dubai,14734.211769911504,14535.75228237792,fitted,,,,,,2018Q2
2018-09-30,Marsa Dubai,14535.75228237792,14340.163530239099,fitted,,,,,,2018Q3
2018-12-31,Marsa Dubai,14340.163530239099,14084.024187192119,fitted,,,,,,2018Q4
2019-03-31,Marsa Dubai,14084.024187192119,14280.174198645598,fitted,,,,,,2019Q1
2019-06-30,Marsa Dubai,14280.174198645598,14518.359278106509,fitted,,,,,,2019Q2
2019-09-30,Marsa Dubai,14518.359278106509,14185.408798908098,fitted,,,,,,2019Q3
2019-12-31,Marsa Dubai,14185.408798908098,16142.96810212766,fitted,,,,,,2019Q4
2020-03-31,Marsa Dubai,16142.96810212766,14533.495092081032,fitted,,,,,,2020Q1
2020-06-30,Marsa Dubai,14533.495092081032,15936.519077568133,fitted,,,,,,2020Q2
2020-09-30,Marsa Dubai,15936.519077568133,11510.907597122303,fitted,,,,,,2020Q3
2020-12-31,Marsa Dubai,11510.907597122303,12806.847789815818,fitted,,,,,,2020Q4
2021-03-31,Marsa Dubai,12806.847789815818,13387.339138576779,fitted,,,,,,2021Q1
2021-06-30,Marsa Dubai,13387.339138576779,16391.575403037383,fitted,,,,,,2021Q2
2021-09-30,Marsa Dubai,16391.575403037383,19005.711234906696,fitted,,,,,,2021Q3
2021-12-31,Marsa Dubai,19005.711234906696,19300.521509913575,fitted,,,,,,2021Q4
2022-03-31,Marsa Dubai,19300.521509913575,18271.172667509483,fitted,,,,,,2022Q1
2022-06-30,Marsa Dubai,18271.172667509483,17060.514978880678,fitted,,,,,,2022Q2
2022-09-30,Marsa Dubai,17060.514978880678,17224.715272237197,fitted,,,,,,2022Q3
2022-12-31,Marsa Dubai,17224.715272237197,18283.368480598412,fitted,,,,,,2022Q4
2023-03-31,Marsa Dubai,18283.368480598412,17458.29474418605,fitted,,,,,,2023Q1
2023-06-30,Marsa Dubai,17458.29474418605,16825.287063447504,fitted,,,,,,2023Q2
2023-09-30,Marsa Dubai,16825.287063447504,16404.172741827886,fitted,,,,,,2023Q3
2023-12-31,Marsa Dubai,16404.172741827886,16416.03569221261,fitted,,,,,,2023Q4
2024-03-31,Marsa Dubai,16416.03569221261,17625.46893602225,fitted,,,,,,2024Q1
2024-06-30,Marsa Dubai,17625.46893602225,18671.941174987394,fitted,,,,,,2024Q2
2024-09-30,Marsa Dubai,18671.941174987394,17737.583141531322,fitted,,,,,,2024Q3
2024-12-31,Marsa Dubai,17737.583141531322,19325.530964797916,fitted,,,,,,2024Q4
2025-03-31,Marsa Dubai,19325.530964797916,20828.829395306857,fitted,,,,,,2025Q1
2025-06-30,Marsa Dubai,20828.829395306857,20231.962363731654,fitted,,,,,,2025Q2
2025-09-30,Marsa Dubai,20231.962363731654,,forecast,17683.58307813142,22780.341649331887,1.0,0.8740419125053077,1.1259580874946922,2025Q3
2025-12-31,Marsa Dubai,20231.962363731654,,forecast,16628.009815965142,23835.914911498166,1.0,0.8218683643744291,1.1781316356255709,2025Q4
2026-03-31,Marsa Dubai,20231.962363731654,,forecast,15818.03996411597,24645.88476334734,1.0,0.7818341928349868,1.2181658071650132,2026Q1
2026-06-30,Marsa Dubai,20231.962363731654,,forecast,15135.203792531185,25328.720934932124,1.0,0.7480838250106153,1.2519161749893848,2026Q2
2026-09-30,Marsa Dubai,20231.962363731654,,forecast,14533.61304867718,25930.31167878613,1.0,0.7183491540460017,1.2816508459539984,2026Q3
2026-12-31,Marsa Dubai,20231.962363731654,,forecast,13989.733442932757,26474.191284530552,1.0,0.691466956661165,1.3085330433388351,2026Q4
2027-03-31,Marsa Dubai,20231.962363731654,,forecast,13489.58452776499,26974.34019969832,1.0,0.6667462248717293,1.3332537751282707,2027Q1
2027-06-30,Marsa Dubai,20231.962363731654,,forecast,13024.057268198634,27439.867459264675,1.0,0.6437367287488583,1.3562632712511418,2027Q2
2027-09-30,Marsa Dubai,20231.962363731654,,forecast,12586.82450693095,27877.10022053236,1.0,0.6221257375159229,1.3778742624840772,2027Q3
2027-12-31,Marsa Dubai,20231.962363731654,,forecast,12173.279479242177,28290.64524822113,1.0,0.6016855537980002,1.3983144462019998,2027Q4
2028-03-31,Marsa Dubai,20231.962363731654,,forecast,11779.944449881734,28683.980277581577,1.0,0.5822442844693488,1.4177557155306513,2028Q1
2028-06-30,Marsa Dubai,20231.962363731654,,forecast,11404.117564500284,29059.807162963025,1.0,0.5636683856699736,1.4363316143300264,2028Q2
2016-03-31,Me'Aisem First,9991.03889276016,10100.398209677418,fitted,,,,,,2016Q1
2016-06-30,Me'Aisem First,10094.69954129446,9561.715780590717,fitted,,,,,,2016Q2
2016-09-30,Me'Aisem First,9584.087628864458,9824.008584070796,fitted,,,,,,2016Q3
2016-12-31,Me'Aisem First,9832.712463776297,9651.888149779736,fitted,,,,,,2016Q4
2017-03-31,Me'Aisem First,9669.56115351239,9793.735938864627,fitted,,,,,,2017Q1
2017-06-30,Me'Aisem First,9804.017313482935,9824.258309859155,fitted,,,,,,2017Q2
2017-09-30,Me'Aisem First,9832.949176458005,9500.465319148936,fitted,,,,,,2017Q3
2017-12-31,Me'Aisem First,9526.028903416456,9758.203532338308,fitted,,,,,,2017Q4
2018-03-31,Me'Aisem First,9770.33648583759,9303.29668789809,fitted,,,,,,2018Q1
2018-06-30,Me'Aisem First,9339.134647286937,9213.268928571428,fitted,,,,,,2018Q2
2018-09-30,Me'Aisem First,9253.798196941763,8731.81305785124,fitted,,,,,,2018Q3
2018-12-31,Me'Aisem First,8797.43079079509,7998.475140186915,fitted,,,,,,2018Q4
2019-03-31,Me'Aisem First,8102.3068060925025,7614.930198675496,fitted,,,,,,2019Q1
2019-06-30,Me'Aisem First,7738.748231479188,7578.58128,fitted,,,,,,2019Q2
2019-09-30,Me'Aisem First,7704.293439792135,7391.8343125,fitted,,,,,,2019Q3
2019-12-31,Me'Aisem First,7527.277778863029,7656.347163120567,fitted,,,,,,2019Q4
2020-03-31,Me'Aisem First,7778.006975185007,6802.936483516483,fitted,,,,,,2020Q1
2020-06-30,Me'Aisem First,6969.067170076395,7149.131274509804,fitted,,,,,,2020Q2
2020-09-30,Me'Aisem First,7297.221894933688,7102.351400966184,fitted,,,,,,2020Q3
2020-12-31,Me'Aisem First,7252.879701085191,6479.152928571429,fitted,,,,,,2020Q4
2021-03-31,Me'Aisem First,6662.155841106224,8266.50630952381,fitted,,,,,,2021Q1
2021-06-30,Me'Aisem First,8356.370983010242,9363.124958904109,fitted,,,,,,2021Q2
2021-09-30,Me'Aisem First,9395.84529204949,8867.96875,fitted,,,,,,2021Q3
2021-12-31,Me'Aisem First,8926.491466626267,7581.070392156863,fitted,,,,,,2021Q4
2022-03-31,Me'Aisem First,7706.652845352891,8677.147112970712,fitted,,,,,,2022Q1
2022-06-30,Me'Aisem First,8745.613465497208,9175.210509554141,fitted,,,,,,2022Q2
2022-09-30,Me'Aisem First,9217.722986262575,9173.791445086705,fitted,,,,,,2022Q3
2022-12-31,Me'Aisem First,9216.377868652544,8204.284545454546,fitted,,,,,,2022Q4
2023-03-31,Me'Aisem First,8297.391569109475,8859.770656249999,fitted,,,,,,2023Q1
2023-06-30,Me'Aisem First,8918.720572121565,9490.342553191489,fitted,,,,,,2023Q2
2023-09-30,Me'Aisem First,9516.433630570122,9509.961025641027,fitted,,,,,,2023Q3
2023-12-31,Me'Aisem First,9535.029792604582,9538.50466981132,fitted,,,,,,2023Q4
2024-03-31,Me'Aisem First,9562.086039384758,10302.404248608535,fitted,,,,,,2024Q1
2024-06-30,Me'Aisem First,10286.179129808057,10683.991056782335,fitted,,,,,,2024Q2
2024-09-30,Me'Aisem First,10647.8816085951,12237.644043151971,fitted,,,,,,2024Q3
2024-12-31,Me'Aisem First,12120.574385984914,12337.76575892857,fitted,,,,,,2024Q4
2025-03-31,Me'Aisem First,12215.47880092033,,forecast,10913.355144814586,13517.602457026072,0.990088403330259,0.8845487390548674,1.0956280676056507,2025Q1
2025-06-30,Me'Aisem First,12099.564165279255,,forecast,10305.420979569612,13893.707350988898,0.9806932958281418,0.8352744881796613,1.1261121034766224,2025Q2
2025-09-30,Me'Aisem First,11989.68979294514,,forecast,9847.788700183173,14131.590885707108,0.9717877634585877,0.7981824985659616,1.145393028351214,2025Q3
2025-12-31,Me'Aisem First,11885.540928316892,,forecast,9473.572140974607,14297.509715659176,0.9633462946656761,0.7678515159131459,1.1588410734182064,2025Q4
2026-03-31,Me'Aisem First,11786.81921757647,,forecast,9155.733537339547,14417.904897813394,0.955344707290022,0.742090076618106,1.168599337961938,2026Q1
2026-06-30,Me'Aisem First,11693.24185399884,,forecast,8879.797921629082,14506.685786368596,0.9477600792944781,0.7197249562955081,1.1757952022934481,2026Q2
2026-09-30,Me'Aisem First,11604.540767799423,,forecast,8636.790245686938,14572.291289911907,0.940570683099691,0.7000287097715956,1.1811126564277863,2026Q3
2026-12-31,Me'Aisem First,11520.461858198283,,forecast,8420.611788250444,14620.311928146122,0.9337559233414022,0.6825070237823758,1.1850048229004286,2026Q4
2027-03-31,Me'Aisem First,11440.764265501126,,forecast,8226.850806952629,14654.677724049623,0.9272962778711936,0.6668023179965982,1.1877902377457892,2027Q1
2027-06-30,Me'Aisem First,11365.219681111845,,forecast,8052.168354005755,14678.271008217935,0.9211732418316569,0.6526439641779207,1.1897025194853932,2027Q2
2027-09-30,Me'Aisem First,11293.611693500032,,forecast,7893.950166198771,14693.273220801293,0.9153692746457837,0.6398200711896392,1.1909184781019282,2027Q3
2027-12-31,Me'Aisem First,11225.735168249852,,forecast,7750.094983253451,14701.375353246254,0.909867749768716,0.6281603277842163,1.1915751717532157,2027Q4
2016-03-31,Nadd Hessa,7842.281378293511,8853.256327160494,fitted,,,,,,2016Q1
2016-06-30,Nadd Hessa,8690.309576178059,8957.293737166325,fitted,,,,,,2016Q2
2016-09-30,Nadd Hessa,8777.578461938974,8662.44570397112,fitted,,,,,,2016Q3
2016-12-31,Nadd Hessa,8530.253395654636,9129.569370229006,fitted,,,,,,2016Q4
2017-03-31,Nadd Hessa,8922.087081869959,8679.109478672986,fitted,,,,,,2017Q1
2017-06-30,Nadd Hessa,8544.231339268585,8649.27723809524,fitted,,,,,,2017Q2
2017-09-30,Nadd Hessa,8519.20739456614,8431.22223880597,fitted,,,,,,2017Q3
2017-12-31,Nadd Hessa,8336.298027430748,8051.335418719213,fitted,,,,,,2017Q4
2018-03-31,Nadd Hessa,8017.640541605497,7570.511058823529,fitted,,,,,,2018Q1
2018-06-30,Nadd Hessa,7614.314409856828,8008.790114503816,fitted,,,,,,2018Q2
2018-09-30,Nadd Hessa,7981.952597307106,7973.54050909091,fitted,,,,,,2018Q3
2018-12-31,Nadd Hessa,7952.38444689156,7777.578805309735,fitted,,,,,,2018Q4
2019-03-31,Nadd Hessa,7788.0074257812175,7603.336104651163,fitted,,,,,,2019Q1
2019-06-30,Nadd Hessa,7641.848785945853,7341.521390728477,fitted,,,,,,2019Q2
2019-09-30,Nadd Hessa,7422.232800133007,7020.904016393443,fitted,,,,,,2019Q3
2019-12-31,Nadd Hessa,7153.291839259022,7159.014437869822,fitted,,,,,,2019Q4
2020-03-31,Nadd Hessa,7269.141922354503,7076.468563218391,fitted,,,,,,2020Q1
2020-06-30,Nadd Hessa,7199.900612862207,6794.548941176471,fitted,,,,,,2020Q2
2020-09-30,Nadd Hessa,6963.42018444364,6395.825086705202,fitted,,,,,,2020Q3
2020-12-31,Nadd Hessa,6628.96177660693,5774.032518518518,fitted,,,,,,2020Q4
2021-03-31,Nadd Hessa,6107.388386832722,6429.064864864865,fitted,,,,,,2021Q1
2021-06-30,Nadd Hessa,6656.844039369634,6023.659071428571,fitted,,,,,,2021Q2
2021-09-30,Nadd Hessa,6316.78067300726,6190.107359550562,fitted,,,,,,2021Q3
2021-12-31,Nadd Hessa,6456.401186824395,6206.381756756757,fitted,,,,,,2021Q4
2022-03-31,Nadd Hessa,6470.052511963453,6075.604244186047,fitted,,,,,,2022Q1
2022-06-30,Nadd Hessa,6360.353435410218,6014.918584070797,fitted,,,,,,2022Q2
2022-09-30,Nadd Hessa,6309.448958456911,6094.134682539682,fitted,,,,,,2022Q3
2022-12-31,Nadd Hessa,6375.897177874514,8484.03422330097,fitted,,,,,,2022Q4
2023-03-31,Nadd Hessa,8380.59789073418,7877.550873180873,fitted,,,,,,2023Q1
2023-06-30,Nadd Hessa,7871.866212441131,7898.0878632478625,fitted,,,,,,2023Q2
2023-09-30,Nadd Hessa,7889.0930949628,7562.99070093458,fitted,,,,,,2023Q3
2023-12-31,Nadd Hessa,7608.006166952136,7273.709552631579,fitted,,,,,,2023Q4
2024-03-31,Nadd Hessa,7365.35072711923,8814.425179704016,fitted,,,,,,2024Q1
2024-06-30,Nadd Hessa,8657.737148902575,8524.541991341992,fitted,,,,,,2024Q2
2024-09-30,Nadd Hessa,8414.576704522446,8763.1202946593,fitted,,,,,,2024Q3
2024-12-31,Nadd Hessa,8614.70147402665,,forecast,7526.575863980763,9702.827084072536,0.983063245095117,0.8588922222793003,1.1072342679109337,2024Q4
2025-03-31,Nadd Hessa,8490.204477207575,,forecast,7069.951422756916,9910.457531658234,0.9688563196355922,0.8067847051084887,1.1309279341626954,2025Q1
2025-06-30,Nadd Hessa,8385.773636490068,,forecast,6772.296728541628,9999.250544438508,0.9569392356282949,0.7728179576250958,1.1410605136314937,2025Q2
2025-09-30,Nadd Hessa,8298.174732326828,,forecast,6561.579335234629,10034.770129419026,0.9469429213911585,0.7487720257855636,1.1451138169967534,2025Q3
2025-12-31,Nadd Hessa,8224.694829667056,,forecast,6406.460291424426,10042.929367909686,0.938557791415874,0.7310706775677671,1.146044905263981,2025Q4
2026-03-31,Nadd Hessa,8163.0582584511885,,forecast,6289.511500309252,10036.605016593125,0.9315241585153383,0.7177251126111331,1.1453232044195436,2026Q1
2026-06-30,Nadd Hessa,8111.3561361873735,,forecast,6199.849497124769,10022.862775249978,0.925624191320397,0.7074933686466999,1.1437550139940942,2026Q2
2026-09-30,Nadd Hessa,8067.9872499263165,,forecast,6130.21681603292,10005.757683819713,0.9206751680498287,0.6995472628361603,1.1418030732634972,2026Q3
2026-12-31,Nadd Hessa,8031.608466751281,,forecast,6075.569580046579,9987.647353455983,0.9165238176230629,0.6933112151557872,1.1397364200903384,2026Q4
2027-03-31,Nadd Hessa,8001.093136997827,,forecast,6032.301749322358,9969.884524673296,0.9130415728600814,0.6883737237977613,1.1377094219224013,2027Q1
2027-06-30,Nadd Hessa,7975.496201952427,,forecast,5997.781149891746,9953.21125401311,0.9101205887602739,0.6844344192726768,1.1358067582478713,2027Q2
2027-09-30,Nadd Hessa,7954.024925416598,,forecast,5970.055037636583,9937.994813196614,0.9076704025464758,0.681270464959273,1.1340703401336785,2027Q3
2016-03-31,Wadi Al Safa 5,7142.842389918721,7401.1458510638295,fitted,,,,,,2016Q1
2016-06-30,Wadi Al Safa 5,7209.3268753290695,7738.219571428572,fitted,,,,,,2016Q2
2016-09-30,Wadi Al Safa 5,7262.076319760926,7392.933023255814,fitted,,,,,,2016Q3
2016-12-31,Wadi Al Safa 5,7062.037412675831,7447.094,fitted,,,,,,2016Q4
2017-03-31,Wadi Al Safa 5,7274.881129143323,7361.002238805971,fitted,,,,,,2017Q1
2017-06-30,Wadi Al Safa 5,7069.7113359300765,7499.697066666667,fitted,,,,,,2017Q2
2017-09-30,Wadi Al Safa 5,7323.363522770401,7322.150727272727,fitted,,,,,,2017Q3
2017-12-31,Wadi Al Safa 5,7009.293782679085,7048.521917808219,fitted,,,,,,2017Q4
2018-03-31,Wadi Al Safa 5,7162.923162786255,7423.767837837839,fitted,,,,,,2018Q1
2018-06-30,Wadi Al Safa 5,7263.224733119002,5559.293529411764,fitted,,,,,,2018Q2
2018-09-30,Wadi Al Safa 5,6182.616910168349,7605.313333333333,fitted,,,,,,2018Q3
2018-12-31,Wadi Al Safa 5,8429.033238303162,9226.301782178218,fitted,,,,,,2018Q4
2019-03-31,Wadi Al Safa 5,7099.255200947899,7193.741818181818,fitted,,,,,,2019Q1
2019-06-30,Wadi Al Safa 5,6933.774816958481,6005.018484848484,fitted,,,,,,2019Q2
2019-09-30,Wadi Al Safa 5,6622.87640915389,5643.305357142856,fitted,,,,,,2019Q3
2019-12-31,Wadi Al Safa 5,6928.121738757418,6348.309032258064,fitted,,,,,,2019Q4
2020-03-31,Wadi Al Safa 5,7155.750835837524,6563.161529411765,fitted,,,,,,2020Q1
2020-06-30,Wadi Al Safa 5,7018.025923084105,7183.228571428571,fitted,,,,,,2020Q2
2020-09-30,Wadi Al Safa 5,7424.794769326067,8631.989318181819,fitted,,,,,,2020Q3
2020-12-31,Wadi Al Safa 5,7731.278140860578,8513.903706293706,fitted,,,,,,2020Q4
2021-03-31,Wadi Al Safa 5,7163.734927070861,4873.851597222222,fitted,,,,,,2021Q1
2021-06-30,Wadi Al Safa 5,5664.6411702370515,6187.107027027027,fitted,,,,,,2021Q2
2021-09-30,Wadi Al Safa 5,8173.932503276936,7355.359126213592,fitted,,,,,,2021Q3
2021-12-31,Wadi Al Safa 5,6534.045266518258,6391.580588235294,fitted,,,,,,2021Q4
2022-03-31,Wadi Al Safa 5,7335.847505912337,6675.62262886598,fitted,,,,,,2022Q1
2022-06-30,Wadi Al Safa 5,6836.871417365482,6619.3173780487805,fitted,,,,,,2022Q2
2022-09-30,Wadi Al Safa 5,7243.704676107368,7255.471460176991,fitted,,,,,,2022Q3
2022-12-31,Wadi Al Safa 5,7220.701996370776,7210.549205607476,fitted,,,,,,2022Q4
2023-03-31,Wadi Al Safa 5,7133.541506620321,6347.282633716994,fitted,,,,,,2023Q1
2023-06-30,Wadi Al Safa 5,6725.647212509397,7957.669076576576,fitted,,,,,,2023Q2
2023-09-30,Wadi Al Safa 5,8060.622695330041,9730.285762032085,fitted,,,,,,2023Q3
2023-12-31,Wadi Al Safa 5,7630.610418843437,8266.794442344046,fitted,,,,,,2023Q4
2024-03-31,Wadi Al Safa 5,6933.686940698798,7411.691448467966,fitted,,,,,,2024Q1
2024-06-30,Wadi Al Safa 5,7189.207996671639,,forecast,5561.5195273689105,8816.896465974369,0.9699820947292246,0.7503711623773146,1.1895930270811348,2024Q2
2024-09-30,Wadi Al Safa 5,6985.505287029302,,forecast,5139.465927655386,8831.54464640322,0.9424981241593969,0.693426859899536,1.191569388419258,2024Q3
2024-12-31,Wadi Al Safa 5,7142.842389918721,,forecast,5220.627648695288,9065.057131142154,0.9637263557963118,0.7043773590675335,1.2230753525250901,2024Q4
2025-03-31,Wadi Al Safa 5,7142.842389918721,,forecast,5220.627648695288,9065.057131142154,0.9637263557963118,0.7043773590675335,1.2230753525250901,2025Q1
2025-06-30,Wadi Al Safa 5,7142.842389918721,,forecast,5220.627648695288,9065.057131142154,0.9637263557963118,0.7043773590675335,1.2230753525250901,2025Q2
2025-09-30,Wadi Al Safa 5,7142.842389918721,,forecast,5220.627648695288,9065.057131142154,0.9637263557963118,0.7043773590675335,1.2230753525250901,2025Q3
2025-12-31,Wadi Al Safa 5,7142.842389918721,,forecast,5220.627648695288,9065.057131142154,0.9637263557963118,0.7043773590675335,1.2230753525250901,2025Q4
2026-03-31,Wadi Al Safa 5,7142.842389918721,,forecast,5220.627648695288,9065.057131142154,0.9637263557963118,0.7043773590675335,1.2230753525250901,2026Q1
2026-06-30,Wadi Al Safa 5,7142.842389918721,,forecast,5220.627648695288,9065.057131142154,0.9637263557963118,0.7043773590675335,1.2230753525250901,2026Q2
2026-09-30,Wadi Al Safa 5,7142.842389918721,,forecast,5220.627648695288,9065.057131142154,0.9637263557963118,0.7043773590675335,1.2230753525250901,2026Q3
2026-12-31,Wadi Al Safa 5,7142.842389918721,,forecast,5220.627648695288,9065.057131142154,0.9637263557963118,0.7043773590675335,1.2230753525250901,2026Q4
2027-03-31,Wadi Al Safa 5,7142.842389918721,,forecast,5220.627648695288,9065.057131142154,0.9637263557963118,0.7043773590675335,1.2230753525250901,2027Q1
